"SOS","ID","foi_name","offering","parameters","X","Y","BDG_ID"
"http://198.103.103.7/GinService/sos","ca.gc.ec.station.05NB004","BEAVERDAM CREEK NEAR WEYBURN","WATER_FLOW,WATER_LEVEL","observedProperty=urn:ogc:def:phenomenon:OGC:1.0.30:waterflow,observedProperty=urn:ogc:def:phenomenon:OGC:1.0.30:waterlevel","-103.965278625488","49.5972213745117","1f58132dac084c469587d53743ea2b6f_05NB000"
"http://198.103.103.7/GinService/sos","ca.gc.ec.station.05NB005","TATAGWA LAKE NEAR WEYBURN","WATER_FLOW,WATER_LEVEL","observedProperty=urn:ogc:def:phenomenon:OGC:1.0.30:waterflow,observedProperty=urn:ogc:def:phenomenon:OGC:1.0.30:waterlevel","-103.996940612793","49.6441688537598","0ac1da514978466dae362a8c25ff6064_05NB000"
"http://198.103.103.7/GinService/sos","ca.gc.ec.station.05NB006","SOURIS RIVER NEAR MIDALE","WATER_FLOW,WATER_LEVEL","observedProperty=urn:ogc:def:phenomenon:OGC:1.0.30:waterflow,observedProperty=urn:ogc:def:phenomenon:OGC:1.0.30:waterlevel","-103.593063354492","49.3791694641113","8fc44b51b5be4b5daa910b903ca23a23_05NB000"
"http://198.103.103.7/GinService/sos","ca.gc.ec.station.05NB007","SOURIS RIVER NEAR ESTEVAN","WATER_FLOW,WATER_LEVEL","observedProperty=urn:ogc:def:phenomenon:OGC:1.0.30:waterflow,observedProperty=urn:ogc:def:phenomenon:OGC:1.0.30:waterlevel","-102.936111450195","49.101390838623","7355ce15807b4de794049364dbfce2e3_05NB000"
"http://198.103.103.7/GinService/sos","ca.gc.ec.station.05NB008","SHORT CREEK NEAR ROCHE PERCEE","WATER_FLOW,WATER_LEVEL","observedProperty=urn:ogc:def:phenomenon:OGC:1.0.30:waterflow,observedProperty=urn:ogc:def:phenomenon:OGC:1.0.30:waterlevel","-102.818061828613","49.0625","01b3738e2ea245408f3fafe3cee2d057_05NB000"
"http://198.103.103.7/GinService/sos","ca.gc.ec.station.05NB009","SOURIS RIVER NEAR ROCHE PERCEE","WATER_FLOW,WATER_LEVEL","observedProperty=urn:ogc:def:phenomenon:OGC:1.0.30:waterflow,observedProperty=urn:ogc:def:phenomenon:OGC:1.0.30:waterlevel","-102.764717102051","49.0761108398438","aeced2f7452b4fd6b189d03fdbacc77b_05NDA00"
"http://198.103.103.7/GinService/sos","ca.gc.ec.station.05NB010","SOURIS RIVER NEAR MACOUN","WATER_FLOW,WATER_LEVEL","observedProperty=urn:ogc:def:phenomenon:OGC:1.0.30:waterflow,observedProperty=urn:ogc:def:phenomenon:OGC:1.0.30:waterlevel","-103.261108398438","49.1986083984375","6328fc9c1e0841e183381aff450c196e_05NB000"
"http://198.103.103.7/GinService/sos","ca.gc.ec.station.05NB011","YELLOW GRASS DITCH NEAR YELLOW GRASS","WATER_FLOW,WATER_LEVEL","observedProperty=urn:ogc:def:phenomenon:OGC:1.0.30:waterflow,observedProperty=urn:ogc:def:phenomenon:OGC:1.0.30:waterlevel","-104.037780761719","49.7863883972168","4c29b31bc5084a1fa8bb68b42043e083_05NB000"
"http://198.103.103.7/GinService/sos","ca.gc.ec.station.05NB014","JEWEL CREEK NEAR GOODWATER","WATER_FLOW,WATER_LEVEL","observedProperty=urn:ogc:def:phenomenon:OGC:1.0.30:waterflow,observedProperty=urn:ogc:def:phenomenon:OGC:1.0.30:waterlevel","-103.711669921875","49.3861083984375","532780a7b52140c79590191219399729_05NB000"
"http://198.103.103.7/GinService/sos","ca.gc.ec.station.05NB015","ROUGHBARK CREEK ABOVE ROUGHBARK RESERVOIR","WATER_FLOW,WATER_LEVEL","observedProperty=urn:ogc:def:phenomenon:OGC:1.0.30:waterflow,observedProperty=urn:ogc:def:phenomenon:OGC:1.0.30:waterlevel","-103.765556335449","49.4941711425781","ab924bdbe18e4a05b77cc65975cc2887_05NB000"
"http://198.103.103.7/GinService/sos","ca.gc.ec.station.05NB016","ROUGHBARK RESERVOIR NEAR WEYBURN","WATER_FLOW,WATER_LEVEL","observedProperty=urn:ogc:def:phenomenon:OGC:1.0.30:waterflow,observedProperty=urn:ogc:def:phenomenon:OGC:1.0.30:waterlevel","-103.718612670898","49.5022201538086","eecb649f13ca46abb0a27561f55855d4_05NB000"
"http://198.103.103.7/GinService/sos","ca.gc.ec.station.05NB017","SOURIS RIVER NEAR HALBRITE","WATER_FLOW,WATER_LEVEL","observedProperty=urn:ogc:def:phenomenon:OGC:1.0.30:waterflow,observedProperty=urn:ogc:def:phenomenon:OGC:1.0.30:waterlevel","-103.662216186523","49.4936103820801","50633f5b9f7e425786545276de3bec58_05NB000"
"http://198.103.103.7/GinService/sos","ca.gc.ec.station.05NB018","TATAGWA LAKE DRAIN NEAR WEYBURN","WATER_FLOW,WATER_LEVEL","observedProperty=urn:ogc:def:phenomenon:OGC:1.0.30:waterflow,observedProperty=urn:ogc:def:phenomenon:OGC:1.0.30:waterlevel","-103.947219848633","49.5994415283203","1f58132dac084c469587d53743ea2b6f_05NB000"
"http://198.103.103.7/GinService/sos","ca.gc.ec.station.05NB020","NICKLE LAKE NEAR WEYBURN","WATER_FLOW,WATER_LEVEL","observedProperty=urn:ogc:def:phenomenon:OGC:1.0.30:waterflow,observedProperty=urn:ogc:def:phenomenon:OGC:1.0.30:waterlevel","-103.768890380859","49.5755615234375","2876fe821ae34b49a0d91428a5ebd308_05NB000"
"http://198.103.103.7/GinService/sos","ca.gc.ec.station.05NB021","SHORT CREEK NEAR ROCHE PERCEE","WATER_FLOW,WATER_LEVEL","observedProperty=urn:ogc:def:phenomenon:OGC:1.0.30:waterflow,observedProperty=urn:ogc:def:phenomenon:OGC:1.0.30:waterlevel","-102.849166870117","49.0311088562012","ff21ed8c8a274dea841906a5b4d4f241_05NB000"
"http://198.103.103.7/GinService/sos","ca.gc.ec.station.05NB022","DEAD LAKE RESERVOIR NEAR MIDALE","WATER_FLOW,WATER_LEVEL","observedProperty=urn:ogc:def:phenomenon:OGC:1.0.30:waterflow,observedProperty=urn:ogc:def:phenomenon:OGC:1.0.30:waterlevel","-103.444442749023","49.2897186279297","fef1f513ee3a4b1687260888d8ed3b34_05NB000"
"http://198.103.103.7/GinService/sos","ca.gc.ec.station.05NB023","ROUGHBARK CREEK BELOW ROUGHBARK RESERVOIR","WATER_FLOW,WATER_LEVEL","observedProperty=urn:ogc:def:phenomenon:OGC:1.0.30:waterflow,observedProperty=urn:ogc:def:phenomenon:OGC:1.0.30:waterlevel","-103.70361328125","49.4936103820801","966204582679430d92fe0eb07ee2612e_05NB000"
"http://198.103.103.7/GinService/sos","ca.gc.ec.station.05NB024","WEYBURN INDEX RESERVOIR","WATER_FLOW,WATER_LEVEL","observedProperty=urn:ogc:def:phenomenon:OGC:1.0.30:waterflow,observedProperty=urn:ogc:def:phenomenon:OGC:1.0.30:waterlevel","-103.674438476562","49.5616683959961","42ddf48f83fe47e49ac8aaf1da906f5b_05NB000"
"http://198.103.103.7/GinService/sos","ca.gc.ec.station.05NB025","SOURIS RIVER NEAR LEWVAN","WATER_FLOW,WATER_LEVEL","observedProperty=urn:ogc:def:phenomenon:OGC:1.0.30:waterflow,observedProperty=urn:ogc:def:phenomenon:OGC:1.0.30:waterlevel","-104.075828552246","49.9769401550293","cf123c2004db4d86b914c2f14b37df0e_05NB000"
"http://198.103.103.7/GinService/sos","ca.gc.ec.station.05NB028","SOURIS RIVER AT WEYBURN","WATER_FLOW,WATER_LEVEL","observedProperty=urn:ogc:def:phenomenon:OGC:1.0.30:waterflow,observedProperty=urn:ogc:def:phenomenon:OGC:1.0.30:waterlevel","-103.859718322754","49.6569404602051","3fdf6342ce75486482d0c0e6829df191_05NB000"
"http://198.103.103.7/GinService/sos","ca.gc.ec.station.05NB029","DEAD LAKE PROJECT - SOURIS RIVER CHANNEL","WATER_FLOW,WATER_LEVEL","observedProperty=urn:ogc:def:phenomenon:OGC:1.0.30:waterflow,observedProperty=urn:ogc:def:phenomenon:OGC:1.0.30:waterlevel","-103.444442749023","49.2897186279297","fef1f513ee3a4b1687260888d8ed3b34_05NB000"
"http://198.103.103.7/GinService/sos","ca.gc.ec.station.05NB030","SOURIS RIVER NEAR MCTAGGART","WATER_FLOW,WATER_LEVEL","observedProperty=urn:ogc:def:phenomenon:OGC:1.0.30:waterflow,observedProperty=urn:ogc:def:phenomenon:OGC:1.0.30:waterlevel","-104.015556335449","49.7694396972656","37d2e923e4c74c8abc4873b7a139d5d2_05NB000"
"http://198.103.103.7/GinService/sos","ca.gc.ec.station.05NB031","SOURIS RIVER NEAR BECHARD","WATER_FLOW,WATER_LEVEL","observedProperty=urn:ogc:def:phenomenon:OGC:1.0.30:waterflow,observedProperty=urn:ogc:def:phenomenon:OGC:1.0.30:waterlevel","-104.190002441406","49.9888916015625","7bb9c0305c7f4802956c8f7277819f7e_05NB000"
"http://198.103.103.7/GinService/sos","ca.gc.ec.station.05NB032","RAFFERTY RESERVOIR NEAR ESTEVAN","WATER_FLOW,WATER_LEVEL","observedProperty=urn:ogc:def:phenomenon:OGC:1.0.30:waterflow,observedProperty=urn:ogc:def:phenomenon:OGC:1.0.30:waterlevel","-103.093887329102","49.146110534668","ed6be9fee1c7412a866f84742c030bcf_05NB000"
"http://198.103.103.7/GinService/sos","ca.gc.ec.station.05NB033","MOSELEY CREEK NEAR HALBRITE","WATER_FLOW,WATER_LEVEL","observedProperty=urn:ogc:def:phenomenon:OGC:1.0.30:waterflow,observedProperty=urn:ogc:def:phenomenon:OGC:1.0.30:waterlevel","-103.629440307617","49.4944381713867","99c25b87137a48dfb384a4aaa1fda562_05NB000"
"http://198.103.103.7/GinService/sos","ca.gc.ec.station.05NB034","ROUGHBARK CREEK NEAR GOODWATER","WATER_FLOW,WATER_LEVEL","observedProperty=urn:ogc:def:phenomenon:OGC:1.0.30:waterflow,observedProperty=urn:ogc:def:phenomenon:OGC:1.0.30:waterlevel","-103.673606872559","49.436939239502","29cb60e1bcfe4d579d4989d83644973e_05NB000"
"http://198.103.103.7/GinService/sos","ca.gc.ec.station.05NB035","COOKE CREEK NEAR GOODWATER","WATER_FLOW,WATER_LEVEL","observedProperty=urn:ogc:def:phenomenon:OGC:1.0.30:waterflow,observedProperty=urn:ogc:def:phenomenon:OGC:1.0.30:waterlevel","-103.613059997559","49.3519401550293","d900616113fc44238ac6f0a3af92a368_05NB000"
"http://198.103.103.7/GinService/sos","ca.gc.ec.station.05NB036","SOURIS RIVER BELOW RAFFERTY RESERVOIR","WATER_FLOW,WATER_LEVEL,WATER_FLOW_LIVE,WATER_LEVEL_LIVE","observedProperty=urn:ogc:def:phenomenon:OGC:1.0.30:waterflow,observedProperty=urn:ogc:def:phenomenon:OGC:1.0.30:waterlevel","-103.082221984863","49.1433296203613","850762d881ec40e3adcd00ffc972d5aa_05NB000"
"http://198.103.103.7/GinService/sos","ca.gc.ec.station.05NB037","UNNAMED RESERVOIR NEAR GOODWATER","WATER_FLOW,WATER_LEVEL","observedProperty=urn:ogc:def:phenomenon:OGC:1.0.30:waterflow,observedProperty=urn:ogc:def:phenomenon:OGC:1.0.30:waterlevel","-103.541107177734","49.336669921875","64744610f8e74928890282eafe7f73ad_05NB000"
"http://198.103.103.7/GinService/sos","ca.gc.ec.station.05NB038","BOUNDARY RESERVOIR DIVERSION CANAL NEAR ESTEVAN","WATER_FLOW,WATER_LEVEL","observedProperty=urn:ogc:def:phenomenon:OGC:1.0.30:waterflow,observedProperty=urn:ogc:def:phenomenon:OGC:1.0.30:waterlevel","-103.108612060547","49.1474990844727","f98b7f90fec7429b98525bff6323b401_05NB000"
"http://198.103.103.7/GinService/sos","ca.gc.ec.station.05NB039","TRIBUTARY NEAR OUTRAM","WATER_FLOW,WATER_LEVEL","observedProperty=urn:ogc:def:phenomenon:OGC:1.0.30:waterflow,observedProperty=urn:ogc:def:phenomenon:OGC:1.0.30:waterlevel","-103.303329467773","49.1730613708496","e1cd413fbced47a196c8a9c0b589070d_05NB000"
"http://198.103.103.7/GinService/sos","ca.gc.ec.station.05NB040","SOURIS RIVER NEAR RALPH","WATER_FLOW,WATER_LEVEL,WATER_FLOW_LIVE,WATER_LEVEL_LIVE","observedProperty=urn:ogc:def:phenomenon:OGC:1.0.30:waterflow,observedProperty=urn:ogc:def:phenomenon:OGC:1.0.30:waterlevel","-103.677780151367","49.5311088562012","28882420508c4ab5b91a6ad984ba8b03_05NB000"
"http://198.103.103.7/GinService/sos","ca.gc.ec.station.05NB041","ROUGHBARK CREEK ABOVE RAFFERTY RESERVOIR","WATER_FLOW,WATER_LEVEL","observedProperty=urn:ogc:def:phenomenon:OGC:1.0.30:waterflow,observedProperty=urn:ogc:def:phenomenon:OGC:1.0.30:waterlevel","-103.683326721191","49.4638900756836","50e023630865447ab69b48a9b1ccb1d2_05NB000"
"http://198.103.103.7/GinService/sos","ca.gc.ec.station.05ND001","SOURIS RIVER NEAR GLEN EWEN","WATER_FLOW,WATER_LEVEL","observedProperty=urn:ogc:def:phenomenon:OGC:1.0.30:waterflow,observedProperty=urn:ogc:def:phenomenon:OGC:1.0.30:waterlevel","-102.028327941895","49.1838912963867","c55eef482fad4908962aec538debbd2f_05NDA00"
"http://198.103.103.7/GinService/sos","ca.gc.ec.station.05ND003","SOURIS RIVER NEAR OXBOW","WATER_FLOW,WATER_LEVEL","observedProperty=urn:ogc:def:phenomenon:OGC:1.0.30:waterflow,observedProperty=urn:ogc:def:phenomenon:OGC:1.0.30:waterlevel","-102.170562744141","49.2152786254883","b53ae31af4c54b3dbd5ba95365e2237f_05NDA00"
"http://198.103.103.7/GinService/sos","ca.gc.ec.station.05ND004","MOOSE MOUNTAIN CREEK NEAR OXBOW","WATER_FLOW,WATER_LEVEL","observedProperty=urn:ogc:def:phenomenon:OGC:1.0.30:waterflow,observedProperty=urn:ogc:def:phenomenon:OGC:1.0.30:waterlevel","-102.228057861328","49.232780456543","987d7c2af60c450a9ad1c7bc0e99416e_05NDA00"
"http://198.103.103.7/GinService/sos","ca.gc.ec.station.05ND006","FROBISHER INDEX RESERVOIR","WATER_FLOW,WATER_LEVEL","observedProperty=urn:ogc:def:phenomenon:OGC:1.0.30:waterflow,observedProperty=urn:ogc:def:phenomenon:OGC:1.0.30:waterlevel","-102.376670837402","49.1963882446289","29107ced169941e2bda160c9d306b321_05NDA00"
"http://198.103.103.7/GinService/sos","ca.gc.ec.station.05ND007","SOURIS RIVER NEAR SHERWOOD","WATER_FLOW,WATER_LEVEL","observedProperty=urn:ogc:def:phenomenon:OGC:1.0.30:waterflow,observedProperty=urn:ogc:def:phenomenon:OGC:1.0.30:waterlevel","-101.957778930664","48.9900016784668","d41933d425024ec696db45d982966d42_05NDA00"
"http://198.103.103.7/GinService/sos","ca.gc.ec.station.05ND008","WHITE BEAR (CARLYLE) LAKE NEAR CARLYLE","WATER_FLOW,WATER_LEVEL","observedProperty=urn:ogc:def:phenomenon:OGC:1.0.30:waterflow,observedProperty=urn:ogc:def:phenomenon:OGC:1.0.30:waterlevel","-102.279441833496","49.7599983215332","ce4a6093439040689a86e84e85615266_05NDA00"
"http://198.103.103.7/GinService/sos","ca.gc.ec.station.05ND009","KENOSEE LAKE NEAR CARLYLE","WATER_FLOW,WATER_LEVEL","observedProperty=urn:ogc:def:phenomenon:OGC:1.0.30:waterflow,observedProperty=urn:ogc:def:phenomenon:OGC:1.0.30:waterlevel","-102.292503356934","49.8311080932617","962f396677394b5a8c71f366b1051c4f_05NDA00"
"http://198.103.103.7/GinService/sos","ca.gc.ec.station.05ND010","MOOSE MOUNTAIN CREEK ABOVE ALAMEDA RESERVOIR","WATER_FLOW,WATER_LEVEL","observedProperty=urn:ogc:def:phenomenon:OGC:1.0.30:waterflow,observedProperty=urn:ogc:def:phenomenon:OGC:1.0.30:waterlevel","-102.169723510742","49.5227813720703","9850f4d236a040aab1898a4b47b14407_05NDA00"
"http://198.103.103.7/GinService/sos","ca.gc.ec.station.05ND011","SHEPHERD CREEK NEAR ALAMEDA","WATER_FLOW,WATER_LEVEL","observedProperty=urn:ogc:def:phenomenon:OGC:1.0.30:waterflow,observedProperty=urn:ogc:def:phenomenon:OGC:1.0.30:waterlevel","-102.256942749023","49.3472213745117","e4b66b3c3294429295d369177ff27d1d_05NDA00"
"http://198.103.103.7/GinService/sos","ca.gc.ec.station.05ND012","ALAMEDA RESERVOIR NEAR ALAMEDA","WATER_FLOW,WATER_LEVEL","observedProperty=urn:ogc:def:phenomenon:OGC:1.0.30:waterflow,observedProperty=urn:ogc:def:phenomenon:OGC:1.0.30:waterlevel","-102.228607177734","49.2602806091309","317b1f34d928438fac7d3d220d0a718e_05NDA00"
"http://198.103.103.7/GinService/sos","ca.gc.ec.station.05NF001","SOURIS RIVER AT MELITA","WATER_FLOW,WATER_LEVEL,WATER_FLOW_LIVE,WATER_LEVEL_LIVE","observedProperty=urn:ogc:def:phenomenon:OGC:1.0.30:waterflow,observedProperty=urn:ogc:def:phenomenon:OGC:1.0.30:waterlevel","-100.977081298828","49.2666702270508","85497b34a06f43b59a9e03f1b6bb546b_05NFB00"
"http://198.103.103.7/GinService/sos","ca.gc.ec.station.05NF002","ANTLER RIVER NEAR MELITA","WATER_FLOW,WATER_LEVEL","observedProperty=urn:ogc:def:phenomenon:OGC:1.0.30:waterflow,observedProperty=urn:ogc:def:phenomenon:OGC:1.0.30:waterlevel","-101.049278259277","49.0573883056641","15ef96bb33de4defae247105ca6067f0_05NFB00"
"http://198.103.103.7/GinService/sos","ca.gc.ec.station.05NF003","GAINSBOROUGH CREEK NEAR MELITA","WATER_FLOW,WATER_LEVEL","observedProperty=urn:ogc:def:phenomenon:OGC:1.0.30:waterflow,observedProperty=urn:ogc:def:phenomenon:OGC:1.0.30:waterlevel","-101.046112060547","49.163890838623","381a4500aa6c46748e4eaf2efee798bf_05NFB00"
"http://198.103.103.7/GinService/sos","ca.gc.ec.station.05NF006","LIGHTNING CREEK NEAR CARNDUFF","WATER_FLOW,WATER_LEVEL","observedProperty=urn:ogc:def:phenomenon:OGC:1.0.30:waterflow,observedProperty=urn:ogc:def:phenomenon:OGC:1.0.30:waterlevel","-101.718887329102","49.2213897705078","166f6ce155ad49d5b708803b3234da4f_05NFB00"
"http://198.103.103.7/GinService/sos","ca.gc.ec.station.05NF007","GAINSBOROUGH CREEK NEAR LYLETON","WATER_FLOW,WATER_LEVEL","observedProperty=urn:ogc:def:phenomenon:OGC:1.0.30:waterflow,observedProperty=urn:ogc:def:phenomenon:OGC:1.0.30:waterlevel","-101.182891845703","49.0949211120605","57e9b7c708d941adb34a70460b83164b_05NFB00"
"http://198.103.103.7/GinService/sos","ca.gc.ec.station.05NF008","GRAHAM CREEK NEAR MELITA","WATER_FLOW,WATER_LEVEL","observedProperty=urn:ogc:def:phenomenon:OGC:1.0.30:waterflow,observedProperty=urn:ogc:def:phenomenon:OGC:1.0.30:waterlevel","-100.998077392578","49.2626113891602","d772a5f46058489b925c582eeede529f_05NFB00"
"http://198.103.103.7/GinService/sos","ca.gc.ec.station.05NF009","SOURIS RIVER NEAR MELITA","WATER_FLOW,WATER_LEVEL","observedProperty=urn:ogc:def:phenomenon:OGC:1.0.30:waterflow,observedProperty=urn:ogc:def:phenomenon:OGC:1.0.30:waterlevel","-101.029998779297","49.1722183227539","48719803a59b486e915bb9954e5ac737_05NFB00"
"http://198.103.103.7/GinService/sos","ca.gc.ec.station.05NF010","ANTLER RIVER NEAR WAUCHOPE","WATER_FLOW,WATER_LEVEL","observedProperty=urn:ogc:def:phenomenon:OGC:1.0.30:waterflow,observedProperty=urn:ogc:def:phenomenon:OGC:1.0.30:waterlevel","-101.847778320312","49.584171295166","fe539675f217444c8f4c741ef4d06900_05NFB00"
"http://198.103.103.7/GinService/sos","ca.gc.ec.station.05NF011","WASKADA CREEK NORTH OF CRANMER","WATER_FLOW,WATER_LEVEL","observedProperty=urn:ogc:def:phenomenon:OGC:1.0.30:waterflow,observedProperty=urn:ogc:def:phenomenon:OGC:1.0.30:waterlevel","-100.688888549805","49.1183280944824","a0e4694f02b349c498b274bf09f27441_05NG000"
"http://198.103.103.7/GinService/sos","ca.gc.ec.station.05NF012","SOURIS RIVER NEAR WESTHOPE","WATER_FLOW,WATER_LEVEL","observedProperty=urn:ogc:def:phenomenon:OGC:1.0.30:waterflow,observedProperty=urn:ogc:def:phenomenon:OGC:1.0.30:waterlevel","-100.958061218262","48.9963912963867","a536171eecbf4d66afc93629df2488dc_05NFB00"
"http://198.103.103.7/GinService/sos","ca.gc.ec.station.05NF013","GAINSBOROUGH CREEK NEAR STORTHOAKS","WATER_FLOW,WATER_LEVEL","observedProperty=urn:ogc:def:phenomenon:OGC:1.0.30:waterflow,observedProperty=urn:ogc:def:phenomenon:OGC:1.0.30:waterlevel","-101.526672363281","49.4141693115234","0cfa0129df32475fbbfd0347bf6eb470_05NFB00"
"http://198.103.103.7/GinService/sos","ca.gc.ec.station.05NF014","WASKADA CREEK NEAR CRANMER","WATER_FLOW,WATER_LEVEL","observedProperty=urn:ogc:def:phenomenon:OGC:1.0.30:waterflow,observedProperty=urn:ogc:def:phenomenon:OGC:1.0.30:waterlevel","-100.713890075684","49.1277809143066","a0e4694f02b349c498b274bf09f27441_05NG000"
"http://198.103.103.7/GinService/sos","ca.gc.ec.station.05NF015","JACKSON CREEK NEAR MELITA","WATER_FLOW,WATER_LEVEL","observedProperty=urn:ogc:def:phenomenon:OGC:1.0.30:waterflow,observedProperty=urn:ogc:def:phenomenon:OGC:1.0.30:waterlevel","-100.963890075684","49.2999992370605","cfa5a423ed19402490a38ff3176f3f20_05NFB00"
"http://198.103.103.7/GinService/sos","ca.gc.ec.station.05NF016","SOURIS RIVER NEAR COULTER","WATER_FLOW,WATER_LEVEL","observedProperty=urn:ogc:def:phenomenon:OGC:1.0.30:waterflow,observedProperty=urn:ogc:def:phenomenon:OGC:1.0.30:waterlevel","-100.953330993652","49.0908317565918","a0046d755bc24b6d929daa24591cd163_05NFB00"
"http://198.103.103.7/GinService/sos","ca.gc.ec.station.05NF803","SOURIS RIVER NEAR MELITA (PTH NO. 3)","WATER_FLOW,WATER_LEVEL","observedProperty=urn:ogc:def:phenomenon:OGC:1.0.30:waterflow,observedProperty=urn:ogc:def:phenomenon:OGC:1.0.30:waterlevel","-100.970832824707","49.2663917541504","7f15e42d0d4f4497b50c8b8523f4fe6c_05NFB00"
"http://198.103.103.7/GinService/sos","ca.gc.ec.station.05NG001","SOURIS RIVER AT WAWANESA","WATER_FLOW,WATER_LEVEL,WATER_FLOW_LIVE,WATER_LEVEL_LIVE","observedProperty=urn:ogc:def:phenomenon:OGC:1.0.30:waterflow,observedProperty=urn:ogc:def:phenomenon:OGC:1.0.30:waterlevel","-99.6815567016602","49.5979690551758","3ca656f2b4244e8b9d2d80db33c01509_05NG000"
"http://198.103.103.7/GinService/sos","ca.gc.ec.station.05NG003","PIPESTONE CREEK NEAR PIPESTONE","WATER_FLOW,WATER_LEVEL","observedProperty=urn:ogc:def:phenomenon:OGC:1.0.30:waterflow,observedProperty=urn:ogc:def:phenomenon:OGC:1.0.30:waterlevel","-100.943420410156","49.5953598022461","519ad716508a4abb966e220b32b1f143_05NG000"
"http://198.103.103.7/GinService/sos","ca.gc.ec.station.05NG004","STONY CREEK NEAR BEDE","WATER_FLOW,WATER_LEVEL","observedProperty=urn:ogc:def:phenomenon:OGC:1.0.30:waterflow,observedProperty=urn:ogc:def:phenomenon:OGC:1.0.30:waterlevel","-100.962219238281","49.4552803039551","370fd7e1317c43b58a129f745b23f1f5_05NG000"
"http://198.103.103.7/GinService/sos","ca.gc.ec.station.05NG007","PLUM CREEK NEAR SOURIS","WATER_FLOW,WATER_LEVEL","observedProperty=urn:ogc:def:phenomenon:OGC:1.0.30:waterflow,observedProperty=urn:ogc:def:phenomenon:OGC:1.0.30:waterlevel","-100.303421020508","49.6258316040039","74bd8641c2cb4d599acde77f0a8e67fa_05NG000"
"http://198.103.103.7/GinService/sos","ca.gc.ec.station.05NG010","OAK CREEK NEAR STOCKTON","WATER_FLOW,WATER_LEVEL","observedProperty=urn:ogc:def:phenomenon:OGC:1.0.30:waterflow,observedProperty=urn:ogc:def:phenomenon:OGC:1.0.30:waterlevel","-99.5118637084961","49.561939239502","7f787f5938e34a618f96d2ec7aff2256_05NG000"
"http://198.103.103.7/GinService/sos","ca.gc.ec.station.05NG011","TURTLEHEAD CREEK NEAR DELORAINE","WATER_FLOW,WATER_LEVEL","observedProperty=urn:ogc:def:phenomenon:OGC:1.0.30:waterflow,observedProperty=urn:ogc:def:phenomenon:OGC:1.0.30:waterlevel","-100.434173583984","49.1883316040039","9096dcadb8b0407f8deaf33bf474c3ea_05NG000"
"http://198.103.103.7/GinService/sos","ca.gc.ec.station.05NG012","ELGIN CREEK NEAR SOURIS","WATER_FLOW,WATER_LEVEL","observedProperty=urn:ogc:def:phenomenon:OGC:1.0.30:waterflow,observedProperty=urn:ogc:def:phenomenon:OGC:1.0.30:waterlevel","-100.235687255859","49.5902481079102","7ab2ac0df1fb4b39ab5a753d1c89f0bd_05NG000"
"http://198.103.103.7/GinService/sos","ca.gc.ec.station.05NG016","TURTLEHEAD CREEK ABOVE DELORAINE RESERVOIR","WATER_FLOW,WATER_LEVEL","observedProperty=urn:ogc:def:phenomenon:OGC:1.0.30:waterflow,observedProperty=urn:ogc:def:phenomenon:OGC:1.0.30:waterlevel","-100.399169921875","49.1330604553223","a779382bf418420295a8acdbd1539239_05NG000"
"http://198.103.103.7/GinService/sos","ca.gc.ec.station.05NG017","TURTLEHEAD CREEK BELOW DELORAINE RESERVOIR","WATER_FLOW,WATER_LEVEL","observedProperty=urn:ogc:def:phenomenon:OGC:1.0.30:waterflow,observedProperty=urn:ogc:def:phenomenon:OGC:1.0.30:waterlevel","-100.417503356934","49.1619415283203","4e7668e705494088b2a311aab333da14_05NG000"
"http://198.103.103.7/GinService/sos","ca.gc.ec.station.05NG019","STONY CREEK NEAR BROOMHILL","WATER_FLOW,WATER_LEVEL","observedProperty=urn:ogc:def:phenomenon:OGC:1.0.30:waterflow,observedProperty=urn:ogc:def:phenomenon:OGC:1.0.30:waterlevel","-101.098327636719","49.3977813720703","7d373afba42f468ebd98b0682c79f15d_05NG000"
"http://198.103.103.7/GinService/sos","ca.gc.ec.station.05NG020","MEDORA CREEK NEAR NAPINKA","WATER_FLOW,WATER_LEVEL","observedProperty=urn:ogc:def:phenomenon:OGC:1.0.30:waterflow,observedProperty=urn:ogc:def:phenomenon:OGC:1.0.30:waterlevel","-100.703689575195","49.3258285522461","3568c88492854b9dbb48628b465898da_05NG000"
"http://198.103.103.7/GinService/sos","ca.gc.ec.station.05NG021","SOURIS RIVER AT SOURIS","WATER_FLOW,WATER_LEVEL,WATER_FLOW_LIVE,WATER_LEVEL_LIVE","observedProperty=urn:ogc:def:phenomenon:OGC:1.0.30:waterflow,observedProperty=urn:ogc:def:phenomenon:OGC:1.0.30:waterlevel","-100.245941162109","49.6196899414063","c4ae6f1385574cc48d7d690c5663d5fd_05NG000"
"http://198.103.103.7/GinService/sos","ca.gc.ec.station.05NG022","MAPLE LAKE NEAR PIPESTONE","WATER_FLOW,WATER_LEVEL","observedProperty=urn:ogc:def:phenomenon:OGC:1.0.30:waterflow,observedProperty=urn:ogc:def:phenomenon:OGC:1.0.30:waterlevel","-100.816108703613","49.5038909912109","898e2595e9f64e9580271092a42d2021_05NG000"
"http://198.103.103.7/GinService/sos","ca.gc.ec.station.05NG024","PIPESTONE CREEK NEAR THE SASKATCHEWAN BOUNDARY","WATER_FLOW,WATER_LEVEL","observedProperty=urn:ogc:def:phenomenon:OGC:1.0.30:waterflow,observedProperty=urn:ogc:def:phenomenon:OGC:1.0.30:waterlevel","-101.396667480469","49.8411102294922","1632da6e41d641b2b531e2bf30171be6_05NG000"
"http://198.103.103.7/GinService/sos","ca.gc.ec.station.05NG025","SOURIS RIVER NEAR LAUDER","WATER_FLOW,WATER_LEVEL","observedProperty=urn:ogc:def:phenomenon:OGC:1.0.30:waterflow,observedProperty=urn:ogc:def:phenomenon:OGC:1.0.30:waterlevel","-100.760276794434","49.4000015258789","52baa187c6f046f79b4e1cb475a31f8e_05NG000"
"http://198.103.103.7/GinService/sos","ca.gc.ec.station.05NG026","SOURIS RIVER NEAR MINTO","WATER_FLOW,WATER_LEVEL","observedProperty=urn:ogc:def:phenomenon:OGC:1.0.30:waterflow,observedProperty=urn:ogc:def:phenomenon:OGC:1.0.30:waterlevel","-99.9891662597656","49.5008316040039","f3c9597c9ce941e48c82a6db5c715dfc_05NG000"
"http://198.103.103.7/GinService/sos","ca.gc.ec.station.05NG027","OAK CREEK NEAR GLENBORO","WATER_FLOW,WATER_LEVEL","observedProperty=urn:ogc:def:phenomenon:OGC:1.0.30:waterflow,observedProperty=urn:ogc:def:phenomenon:OGC:1.0.30:waterlevel","-99.1711120605469","49.4894409179687","37bc839ec5c94c0e8417c2bd51e6612a_05NG000"
"http://198.103.103.7/GinService/sos","ca.gc.ec.station.05NG028","OAK CREEK NEAR CYPRESS RIVER","WATER_FLOW,WATER_LEVEL","observedProperty=urn:ogc:def:phenomenon:OGC:1.0.30:waterflow,observedProperty=urn:ogc:def:phenomenon:OGC:1.0.30:waterlevel","-99.1555633544922","49.4777793884277","3db2c4e2c5d04339a55597f92e118048_05NG000"
"http://198.103.103.7/GinService/sos","ca.gc.ec.station.05NG801","PLUM LAKES ABOVE DELEAU DAM","WATER_FLOW,WATER_LEVEL","observedProperty=urn:ogc:def:phenomenon:OGC:1.0.30:waterflow,observedProperty=urn:ogc:def:phenomenon:OGC:1.0.30:waterlevel","-100.644721984863","49.6083297729492","ee06920aa4554d9fb675b52a16607765_05NG000"
"http://198.103.103.7/GinService/sos","ca.gc.ec.station.05NG803","ELGIN RESERVOIR NEAR ELGIN","WATER_FLOW,WATER_LEVEL","observedProperty=urn:ogc:def:phenomenon:OGC:1.0.30:waterflow,observedProperty=urn:ogc:def:phenomenon:OGC:1.0.30:waterlevel","-100.236938476562","49.4416694641113","6eabd1ca6fb74351bf29b2ee9c8b4cde_05NG000"
"http://198.103.103.7/GinService/sos","ca.gc.ec.station.05NG806","SOURIS RIVER ABOVE HARTNEY DAM","WATER_FLOW,WATER_LEVEL","observedProperty=urn:ogc:def:phenomenon:OGC:1.0.30:waterflow,observedProperty=urn:ogc:def:phenomenon:OGC:1.0.30:waterlevel","-100.525001525879","49.4933280944824","6abdc3157bb3483cbcbac8d0fae59bd5_05NG000"
"http://198.103.103.7/GinService/sos","ca.gc.ec.station.05NG809","PLUM LAKES NEAR FINDLAY","WATER_FLOW,WATER_LEVEL","observedProperty=urn:ogc:def:phenomenon:OGC:1.0.30:waterflow,observedProperty=urn:ogc:def:phenomenon:OGC:1.0.30:waterlevel","-100.718887329102","49.6291694641113","9c3c41404b824fcbab07d9174ffd12ad_05NG000"
"http://198.103.103.7/GinService/sos","ca.gc.ec.station.05NG810","COATSTONE RESERVOIR NEAR DELORAINE","WATER_FLOW,WATER_LEVEL","observedProperty=urn:ogc:def:phenomenon:OGC:1.0.30:waterflow,observedProperty=urn:ogc:def:phenomenon:OGC:1.0.30:waterlevel","-100.444717407227","49.1483306884766","36ddff5c10a842568694bbad44c4951b_05NG000"
"http://198.103.103.7/GinService/sos","ca.gc.ec.station.05NG814","DELORAINE RESERVOIR NEAR DELORAINE","WATER_FLOW,WATER_LEVEL","observedProperty=urn:ogc:def:phenomenon:OGC:1.0.30:waterflow,observedProperty=urn:ogc:def:phenomenon:OGC:1.0.30:waterlevel","-100.411109924316","49.1472206115723","8ca15788adde420b81ee4ef4c99cbf7b_05NG000"
"http://198.103.103.7/GinService/sos","ca.gc.ec.station.11AA001","NORTH MILK RIVER NEAR INTERNATIONAL BOUNDARY","WATER_FLOW,WATER_LEVEL,WATER_FLOW_LIVE,WATER_LEVEL_LIVE","observedProperty=urn:ogc:def:phenomenon:OGC:1.0.30:waterflow,observedProperty=urn:ogc:def:phenomenon:OGC:1.0.30:waterlevel","-112.972930908203","49.0219612121582","0b9c996aa2664258a4b151e5cd58c3fe_11AAA00"
"http://198.103.103.7/GinService/sos","ca.gc.ec.station.11AA003","NORTH BRANCH OF MILK RIVER NEAR MACKIE'S RANCH","WATER_FLOW,WATER_LEVEL","observedProperty=urn:ogc:def:phenomenon:OGC:1.0.30:waterflow,observedProperty=urn:ogc:def:phenomenon:OGC:1.0.30:waterlevel","-112.400001525879","49.1333312988281","45d44d6f0f06450fa433f85ca50199eb_11AAA00"
"http://198.103.103.7/GinService/sos","ca.gc.ec.station.11AA004","MILK RIVER AT MACKIE'S RANCH","WATER_FLOW,WATER_LEVEL","observedProperty=urn:ogc:def:phenomenon:OGC:1.0.30:waterflow,observedProperty=urn:ogc:def:phenomenon:OGC:1.0.30:waterlevel","-112.400001525879","49.0833282470703","f377cbebc6c64de59fe6b89ccd92e0ea_11AAA00"
"http://198.103.103.7/GinService/sos","ca.gc.ec.station.11AA005","MILK RIVER AT MILK RIVER","WATER_FLOW,WATER_LEVEL,WATER_FLOW_LIVE,WATER_LEVEL_LIVE","observedProperty=urn:ogc:def:phenomenon:OGC:1.0.30:waterflow,observedProperty=urn:ogc:def:phenomenon:OGC:1.0.30:waterlevel","-112.081703186035","49.1436004638672","fe7576b9402e4019805000c13f3a9e31_11AAB00"
"http://198.103.103.7/GinService/sos","ca.gc.ec.station.11AA006","MILK RIVER AT WRITING-ON-STONE POLICE DETACHMENT","WATER_FLOW,WATER_LEVEL","observedProperty=urn:ogc:def:phenomenon:OGC:1.0.30:waterflow,observedProperty=urn:ogc:def:phenomenon:OGC:1.0.30:waterlevel","-111.650001525879","49.0833282470703","a7aa800af35e46d5a6261080ef7d6815_11AAB00"
"http://198.103.103.7/GinService/sos","ca.gc.ec.station.11AA007","MILK RIVER AT PENDANT D'OREILLE POLICE DETACHMENT","WATER_FLOW,WATER_LEVEL","observedProperty=urn:ogc:def:phenomenon:OGC:1.0.30:waterflow,observedProperty=urn:ogc:def:phenomenon:OGC:1.0.30:waterlevel","-111.033332824707","49.1333312988281","525dc69362ec4c2cb4ec1f4d7565b86e_11AAB00"
"http://198.103.103.7/GinService/sos","ca.gc.ec.station.11AA010","DEER CREEK AT DICKINSON'S RANCH","WATER_FLOW,WATER_LEVEL","observedProperty=urn:ogc:def:phenomenon:OGC:1.0.30:waterflow,observedProperty=urn:ogc:def:phenomenon:OGC:1.0.30:waterlevel","-111.54167175293","49.0333290100098","bac1279c43194f6b9413907472cd2743_11AAB00"
"http://198.103.103.7/GinService/sos","ca.gc.ec.station.11AA011","DEER CREEK AT DEER CREEK CATTLE CO.'S RANCH","WATER_FLOW,WATER_LEVEL","observedProperty=urn:ogc:def:phenomenon:OGC:1.0.30:waterflow,observedProperty=urn:ogc:def:phenomenon:OGC:1.0.30:waterlevel","-111.5","49.0833282470703","700b3f0c801546c7bf00c13a0cd3ca31_11AAB00"
"http://198.103.103.7/GinService/sos","ca.gc.ec.station.11AA012","DEER CREEK CATTLE CO. WEST DITCH","WATER_FLOW,WATER_LEVEL","observedProperty=urn:ogc:def:phenomenon:OGC:1.0.30:waterflow,observedProperty=urn:ogc:def:phenomenon:OGC:1.0.30:waterlevel","-111.5","49.0833282470703","700b3f0c801546c7bf00c13a0cd3ca31_11AAB00"
"http://198.103.103.7/GinService/sos","ca.gc.ec.station.11AA013","DEER CREEK CATTLE CO. EAST DITCH","WATER_FLOW,WATER_LEVEL","observedProperty=urn:ogc:def:phenomenon:OGC:1.0.30:waterflow,observedProperty=urn:ogc:def:phenomenon:OGC:1.0.30:waterlevel","-111.5","49.0833282470703","700b3f0c801546c7bf00c13a0cd3ca31_11AAB00"
"http://198.103.103.7/GinService/sos","ca.gc.ec.station.11AA022","DEER CREEK CATTLE CO. DITCH","WATER_FLOW,WATER_LEVEL","observedProperty=urn:ogc:def:phenomenon:OGC:1.0.30:waterflow,observedProperty=urn:ogc:def:phenomenon:OGC:1.0.30:waterlevel","-111.5","49.0833282470703","700b3f0c801546c7bf00c13a0cd3ca31_11AAB00"
"http://198.103.103.7/GinService/sos","ca.gc.ec.station.11AA023","LINDSAY COULEE NEAR ONEFOUR POST OFFICE","WATER_FLOW,WATER_LEVEL","observedProperty=urn:ogc:def:phenomenon:OGC:1.0.30:waterflow,observedProperty=urn:ogc:def:phenomenon:OGC:1.0.30:waterlevel","-110.422218322754","49.0638885498047","4ccece39a78d485392cac514cef0ca81_11AAB00"
"http://198.103.103.7/GinService/sos","ca.gc.ec.station.11AA024","MAYNARD COULEE NEAR ONEFOUR POST OFFICE","WATER_FLOW,WATER_LEVEL","observedProperty=urn:ogc:def:phenomenon:OGC:1.0.30:waterflow,observedProperty=urn:ogc:def:phenomenon:OGC:1.0.30:waterlevel","-110.441673278809","49.0694389343262","dab2de715dec49a68e61d423e6bcfd98_11AAB00"
"http://198.103.103.7/GinService/sos","ca.gc.ec.station.11AA025","MILK RIVER AT WESTERN CROSSING OF INTERNATIONAL BOUNDARY","WATER_FLOW,WATER_LEVEL,WATER_FLOW_LIVE,WATER_LEVEL_LIVE","observedProperty=urn:ogc:def:phenomenon:OGC:1.0.30:waterflow,observedProperty=urn:ogc:def:phenomenon:OGC:1.0.30:waterlevel","-112.545890808105","49.0075302124023","42a8e51a893f4837b8d54027c1a1d71d_11AAA00"
"http://198.103.103.7/GinService/sos","ca.gc.ec.station.11AA028","BEAR CREEK NEAR INTERNATIONAL BOUNDARY","WATER_FLOW,WATER_LEVEL","observedProperty=urn:ogc:def:phenomenon:OGC:1.0.30:waterflow,observedProperty=urn:ogc:def:phenomenon:OGC:1.0.30:waterlevel","-111.215812683105","49.0251693725586","b71409101a6e4b8b9e442b9f2f8b1d86_11AAB00"
"http://198.103.103.7/GinService/sos","ca.gc.ec.station.11AA029","MINERS COULEE NEAR INTERNATIONAL BOUNDARY","WATER_FLOW,WATER_LEVEL","observedProperty=urn:ogc:def:phenomenon:OGC:1.0.30:waterflow,observedProperty=urn:ogc:def:phenomenon:OGC:1.0.30:waterlevel","-111.40355682373","49.0176887512207","3a8d14451e35407895ec53b29c22b660_11AAB00"
"http://198.103.103.7/GinService/sos","ca.gc.ec.station.11AA031","MILK RIVER AT EASTERN CROSSING OF INTERNATIONAL BOUNDARY","WATER_FLOW,WATER_LEVEL","observedProperty=urn:ogc:def:phenomenon:OGC:1.0.30:waterflow,observedProperty=urn:ogc:def:phenomenon:OGC:1.0.30:waterlevel","-110.422943115234","48.9751815795898","1f7ca207935a4d11abace5dc4b4270b2_11AAB00"
"http://198.103.103.7/GinService/sos","ca.gc.ec.station.11AA032","NORTH FORK MILK RIVER ABOVE ST. MARY CANAL","WATER_FLOW,WATER_LEVEL","observedProperty=urn:ogc:def:phenomenon:OGC:1.0.30:waterflow,observedProperty=urn:ogc:def:phenomenon:OGC:1.0.30:waterlevel","-113.062400817871","48.963508605957","76d3495f67fc4a2885f5be86f2575f79_11AAA00"
"http://198.103.103.7/GinService/sos","ca.gc.ec.station.11AA033","SOUTH FORK MILK RIVER NEAR BABB","WATER_FLOW,WATER_LEVEL","observedProperty=urn:ogc:def:phenomenon:OGC:1.0.30:waterflow,observedProperty=urn:ogc:def:phenomenon:OGC:1.0.30:waterlevel","-113.16667175293","48.7538909912109","5b464efaf277469ba218292339ece0c4_11AAA00"
"http://198.103.103.7/GinService/sos","ca.gc.ec.station.11AA034","MILK RIVER NEAR WRITING-ON-STONE PARK","WATER_FLOW,WATER_LEVEL","observedProperty=urn:ogc:def:phenomenon:OGC:1.0.30:waterflow,observedProperty=urn:ogc:def:phenomenon:OGC:1.0.30:waterlevel","-111.534721374512","49.0883293151855","edcbd5d5cdf442c8a03a328f4891a787_11AAB00"
"http://198.103.103.7/GinService/sos","ca.gc.ec.station.11AA035","MILK RIVER NEAR PENDANT D'OREILLE","WATER_FLOW,WATER_LEVEL","observedProperty=urn:ogc:def:phenomenon:OGC:1.0.30:waterflow,observedProperty=urn:ogc:def:phenomenon:OGC:1.0.30:waterlevel","-110.870826721191","49.1236114501953","e3b839146a8044969e135d9eeba5de70_11AAB00"
"http://198.103.103.7/GinService/sos","ca.gc.ec.station.11AA036","MILK RIVER AT HIGHWAY NO. 880","WATER_FLOW,WATER_LEVEL","observedProperty=urn:ogc:def:phenomenon:OGC:1.0.30:waterflow,observedProperty=urn:ogc:def:phenomenon:OGC:1.0.30:waterlevel","-111.305282592773","49.1455612182617","137053bba0854acc9628cf170c107f53_11AAB00"
"http://198.103.103.7/GinService/sos","ca.gc.ec.station.11AA037","RED CREEK AT HIGHWAY NO. 4","WATER_FLOW,WATER_LEVEL","observedProperty=urn:ogc:def:phenomenon:OGC:1.0.30:waterflow,observedProperty=urn:ogc:def:phenomenon:OGC:1.0.30:waterlevel","-111.995277404785","49.0441703796387","b2d8db01b1de432480f298d4cbe2d9b8_11AAB00"
"http://198.103.103.7/GinService/sos","ca.gc.ec.station.11AA038","VERDIGRIS COULEE NEAR THE MOUTH","WATER_FLOW,WATER_LEVEL","observedProperty=urn:ogc:def:phenomenon:OGC:1.0.30:waterflow,observedProperty=urn:ogc:def:phenomenon:OGC:1.0.30:waterlevel","-111.758140563965","49.1110382080078","05f0c2bee7014ba5ba9757a1424723c2_11AAB00"
"http://198.103.103.7/GinService/sos","ca.gc.ec.station.11AA039","VERDIGRIS LAKE TRIBUTARY NEAR MILK RIVER","WATER_FLOW,WATER_LEVEL","observedProperty=urn:ogc:def:phenomenon:OGC:1.0.30:waterflow,observedProperty=urn:ogc:def:phenomenon:OGC:1.0.30:waterlevel","-112.091499328613","49.2255897521973","e80cacd4efed45149d1aaa222520de71_11AAB00"
"http://198.103.103.7/GinService/sos","ca.gc.ec.station.11AA040","BREED CREEK NEAR INTERNATIONAL BOUNDARY","WATER_FLOW,WATER_LEVEL","observedProperty=urn:ogc:def:phenomenon:OGC:1.0.30:waterflow,observedProperty=urn:ogc:def:phenomenon:OGC:1.0.30:waterlevel","-111.288887023926","49.0291709899902","2252571427cc4f509eb56a5457d5db4c_11AAB00"
"http://ngwd-bdnes.cits.nrcan.gc.ca:8080/proxy/GinService/sos/gw","ab.mon.101","Del Bonita 70-3_0101","GW_LEVEL","observedProperty=urn:ogc:def:phenomenon:OGC:1.0.30:waterflow,observedProperty=urn:ogc:def:phenomenon:OGC:1.0.30:gropundwaterlevel","-112.854333333333","49.0273333333333","7a3db7ddd25b4640b8859856f817df9b_11AAA00"
"http://ngwd-bdnes.cits.nrcan.gc.ca:8080/proxy/GinService/sos/gw","ab.mon.100","Aden_0100","GW_LEVEL","observedProperty=urn:ogc:def:phenomenon:OGC:1.0.30:waterflow,observedProperty=urn:ogc:def:phenomenon:OGC:1.0.30:gropundwaterlevel","-111.333055555556","49.07875","a327cbddf9da45f0824e21fd441766ff_11AAB00"
"http://ngwd-bdnes.cits.nrcan.gc.ca:8080/proxy/GinService/sos/gw","ab.mon.103","Milk River 56-1_0103","GW_LEVEL","observedProperty=urn:ogc:def:phenomenon:OGC:1.0.30:waterflow,observedProperty=urn:ogc:def:phenomenon:OGC:1.0.30:gropundwaterlevel","-111.89","49.1438","7c59f66f332643bb85752fd867268b5b_11AAB00"
"http://ngwd-bdnes.cits.nrcan.gc.ca:8080/proxy/GinService/sos/gw","ab.mon.211","Smith Coulee 2469E_0211","GW_LEVEL","observedProperty=urn:ogc:def:phenomenon:OGC:1.0.30:waterflow,observedProperty=urn:ogc:def:phenomenon:OGC:1.0.30:gropundwaterlevel","-111.351166666667","49.2376388888889","b0b43bfe66dd4b718ab43ba7ac883745_11AAB00"
"http://ngwd-bdnes.cits.nrcan.gc.ca:8080/proxy/GinService/sos/gw","ab.mon.212","Milk River 85-1 West_0212","GW_LEVEL","observedProperty=urn:ogc:def:phenomenon:OGC:1.0.30:waterflow,observedProperty=urn:ogc:def:phenomenon:OGC:1.0.30:gropundwaterlevel","-111.890927514","49.143746745","7c59f66f332643bb85752fd867268b5b_11AAB00"
"http://ngwd-bdnes.cits.nrcan.gc.ca:8080/proxy/GinService/sos/gw","ab.mon.213","Milk River 85-2_0213","GW_LEVEL","observedProperty=urn:ogc:def:phenomenon:OGC:1.0.30:waterflow,observedProperty=urn:ogc:def:phenomenon:OGC:1.0.30:gropundwaterlevel","-111.88990042","49.142772633","d70c5a1b21b34fe1812a021bdc98351b_11AAB00"
"http://198.103.103.7/GinService/sos","ca.gc.ec.station.05NG023","WHITEWATER LAKE NEAR BOISSEVAIN","WATER_FLOW,WATER_LEVEL","observedProperty=urn:ogc:def:phenomenon:OGC:1.0.30:waterflow,observedProperty=urn:ogc:def:phenomenon:OGC:1.0.30:waterlevel","-100.352920532227","49.2661399841309","b97e13c56d3c40f8913494c99f52bf2b_05NG000"
"http://198.103.103.7/GinService/sos","ca.gc.ec.station.05NG807","SOURIS RIVER ABOVE NAPINKA DAM","WATER_FLOW,WATER_LEVEL","observedProperty=urn:ogc:def:phenomenon:OGC:1.0.30:waterflow,observedProperty=urn:ogc:def:phenomenon:OGC:1.0.30:waterlevel","-100.789436340332","49.3783302307129","d0f7b54ee56f4631a094489db6a4a2fb_05NG000"
"http://198.103.103.7/GinService/sos","ca.gc.ec.station.05NG813","OAK LAKE AT OAK LAKE RESORT","WATER_FLOW,WATER_LEVEL","observedProperty=urn:ogc:def:phenomenon:OGC:1.0.30:waterflow,observedProperty=urn:ogc:def:phenomenon:OGC:1.0.30:waterlevel","-100.70832824707","49.6944389343262","e2524617a8d847d9909dfec9db3bee3e_05NG000"
"http://198.103.103.7/GinService/sos","ca.gc.ec.station.11AA002","NORTH MILK RIVER AT KNIGHT'S RANCH","WATER_FLOW,WATER_LEVEL","observedProperty=urn:ogc:def:phenomenon:OGC:1.0.30:waterflow,observedProperty=urn:ogc:def:phenomenon:OGC:1.0.30:waterlevel","-112.66667175293","49.1333312988281","50de7e83b63049bfa18cfdf86263ee4f_11AAA00"
"http://ngwd-bdnes.cits.nrcan.gc.ca:8080/proxy/GinService/sos/gw","ab.mon.260","Milk River 2479E_0260","GW_LEVEL","observedProperty=urn:ogc:def:phenomenon:OGC:1.0.30:waterflow,observedProperty=urn:ogc:def:phenomenon:OGC:1.0.30:gropundwaterlevel","-112.011194444444","49.1154444444444","3703e7caa02444389bbed7f03669dacb_11AAB00"
