"site.no","station.nm","Trib.Name","dec.lat.va","dec.long.va","lake","WQ ID IF DIFFERENT","Country","Water Quality Samples","Streamflow","drain.area.va","tz.cd"
"02HB021","ANCASTER CREEK AT ANCASTER","Ancaster Creek",43.2311706543,-79.9738616943,"Ontario",,"CAN",,,,
"02HD020","BALTIMORE CREEK AT BALTIMORE","Baltimore Creek",44.0288314819,-78.1470565796,"Ontario",,"CAN",,,,
"02HJ007","BAXTER CREEK AT MILLBROOK","Baxter Creek",44.1502799988,-78.4467163086,"Ontario",,"CAN",,,,
"02HK006","BEAVER CREEK NEAR MARMORA","Beaver Creek",44.5351905823,-77.6965789795,"Ontario",,"CAN",,,,
"02HA028","WELLAND RIVER AT WELLANDPORT","Beaver Creek",43.0050010681,-79.4824981689,"Ontario",,"CAN",,,,
"02HE004","BLACK CREEK AT MILFORD","Black Creek",43.9355583191,-77.0898895264,"Ontario",,"CAN",,,,
"02HC027","BLACK CREEK NEAR WESTON","Black Creek",43.6742515564,-79.5043563843,"Ontario",,"CAN",,,,
"02HB024","BLACK CREEK BELOW ACTON","Black Creek",43.6293106079,-80.0104217529,"Ontario",,"CAN",,,,
"02HA029","BLACK CREEK AT STEVENSVILLE","Black Creek",42.9449996948,-79.0422210693,"Ontario",,"CAN",,,,
"04200500","Black River at Elyria OH","Black River",41.38032368,-82.10459279,"Erie",,"US","X","X",396,"EST"
"04159492","BLACK RIVER NEAR JEDDO  MI","Black River",43.15252665,-82.6240918,"Huron",,"US","X","X",464,"EST"
"04260500","BLACK RIVER AT WATERTOWN NY","Black River",43.98555556,-75.9247222,"Ontario",,"US","X","X",1864,"EST"
"02HL003","BLACK RIVER NEAR ACTINOLITE","Black River",44.5395812988,-77.3696365356,"Ontario",,"CAN",,,,
"04200000","East Branch Black River at Elyria OH","Black River (East Branch)",41.34754779,-82.0943144,"Erie",,"US","X","X",217,"EST"
"02HG003","BLACKSTOCK CREEK NEAR BLACKSTOCK","Blackstock Creek",44.1319198608,-78.8289718628,"Ontario",,"CAN",,,,
"02HE001","BLOOMFIELD CREEK AT BLOOMFIELD","Bloomfield Creek",43.9905586243,-77.2183303833,"Ontario",,"CAN",,,,
"02HD006","BOWMANVILLE CREEK AT BOWMANVILLE","Bowmanville Creek",43.9214706421,-78.702003479,"Ontario",,"CAN",,,,
"02HB022","BRONTE CREEK AT CARLISLE","Bronte Creek",43.3888587952,-79.9881134033,"Ontario",,"CAN",,,,
"02HB016","BRONTE CREEK AT PROGRESTON","Bronte Creek",43.3986091614,-79.9594421387,"Ontario",,"CAN",,,,
"02HB011","BRONTE CREEK NEAR ZIMMERMAN","Bronte Creek",43.4368896484,-79.8643264771,"Ontario",,"CAN",,,,
"02HC044","BROUGHAM CREEK AT BROUGHAM","Brougham Creek",43.9158287048,-79.1063919067,"Ontario",,"CAN",,,,
"02HK009","BURNLEY CREEK ABOVE WARKWORTH","Burnley Creek",44.196811676,-77.9110031128,"Ontario",,"CAN",,,,
"02HF003","BURNT RIVER NEAR BURNT RIVER","Burnt River",44.7098617554,-78.6775283813,"Ontario",,"CAN",,,,
"04213500","CATTARAUGUS CREEK AT GOWANDA NY","Cattaraugus Creek",42.4633333,-78.9341667,"Erie",,"US","X","X",436,"EST"
"02HC051","CENTREVILLE CREEK NEAR ALBION","Centreville Creek",43.9244384766,-79.8344421387,"Ontario",,"CAN",,,,
"04132052","CHEBOYGAN R (POND) AT LINCOLN AVE AT CHEBOYGAN  MI","Cheboygan River",45.6339007,-84.4811465,"Huron",,"US","X","X",1500,"EST"
"02HL102","CLARE RIVER NEAR BOGART","Clare River",44.4824981689,-77.2194366455,"Ontario",,"CAN",,,,
"04165500","CLINTON RIVER AT MORAVIAN DRIVE AT MT. CLEMENS  MI","Clinton River",42.5958674,-82.90881,"Erie",,"US","X","X",734,"EST"
"02HD019","COBOURG BROOK AT COBOURG","Cobourg Brook",43.9649391174,-78.1850585938,"Ontario",,"CAN",,,,
"02HK007","COLD CREEK AT ORLAND","Cold Creek",44.1347808838,-77.7868881226,"Ontario",,"CAN",,,,
"02HC023","COLD CREEK NEAR BOLTON","Cold Creek",43.8902816772,-79.7200012207,"Ontario",,"CAN",,,,
"02HM005","COLLINS CREEK NEAR KINGSTON","Collins Creek",44.2565002441,-76.6125564575,"Ontario",,"CAN",,,,
"02HB030","COOKSVILLE CREEK NEAR COOKSVILLE","Cooksville Creek",43.5923309326,-79.6238937378,"Ontario",,"CAN",,,,
"02HB029","CREDIT RIVER AT STREETSVILLE","Credit River",43.5822792053,-79.7087478638,"Ontario",,"CAN",,,,
"02HB026","CREDIT RIVER AT MISSISSAUGA GOLF COURSE","Credit River",43.5494918823,-79.6361236572,"Ontario",,"CAN",,,,
"02HB025","CREDIT RIVER AT NORVAL","Credit River",43.6475791931,-79.8560028076,"Ontario",,"CAN",,,,
"02HB018","CREDIT RIVER AT BOSTON MILLS","Credit River",43.7735786438,-79.9268264771,"Ontario",,"CAN",,,,
"02HB013","CREDIT RIVER NEAR ORANGEVILLE","Credit River",43.8912696838,-80.0624008179,"Ontario",,"CAN",,,,
"02HB002","CREDIT RIVER AT ERINDALE","Credit River",43.5427818298,-79.6572189331,"Ontario",,"CAN",,,,
"02HB001","CREDIT RIVER NEAR CATARACT","Credit River",43.8358612061,-80.0228881836,"Ontario",,"CAN",,,,
"02HB020","CREDIT RIVER ERIN BRANCH ABOVE ERIN","Credit River (Erin Branch)",43.7718086243,-80.0936431885,"Ontario",,"CAN",,,,
"02HB019","CREDIT RIVER ALTON BRANCH ABOVE ALTON","Credit River Alton Branch",43.8538894653,-80.0838928223,"Ontario",,"CAN",,,,
"02HB008","CREDIT RIVER WEST BRANCH AT NORVAL","Credit River West Branch",43.6465606689,-79.8662796021,"Ontario",,"CAN",,,,
"02HK005","CROWE RIVER NEAR GLEN ALDA","Crowe River",44.8444404602,-77.9311065674,"Ontario",,"CAN",,,,
"02HK003","CROWE RIVER AT MARMORA","Crowe River",44.4815597534,-77.6848068237,"Ontario",,"CAN",,,,
"410832081262100","CUYAHOGA R AT MUNROE FALLS OH","Cuyahoga River",41.14227838,-81.4390009,"Erie",,"US","X",,,"EST"
"04208000","Cuyahoga River at Independence OH","Cuyahoga River",41.39533087,-81.6298478,"Erie",,"US","X",,707,"EST"
"04208504","Cuyahoga River near Newburgh Heights OH","Cuyahoga River",41.46255164,-81.680963,"Erie",,"US","X","X",788,"EST"
"02HE003","DEMORESTVILLE CREEK AT DEMORESTVILLE","Demorestville Creek",44.0905609131,-77.2105636597,"Ontario",,"CAN",,,,
"02HM002","DEPOT CREEK AT BELLROCK","Depot Creek",44.4719200134,-76.7623596191,"Ontario",,"CAN",,,,
"02HC024","DON RIVER AT TODMORDEN","Don River",43.6858596802,-79.3615036011,"Ontario",,"CAN",,,,
"02HC056","DON RIVER EAST BRANCH NEAR THORNHILL","Don River East Branch",43.8266105652,-79.438079834,"Ontario",,"CAN",,,,
"02HC029","LITTLE DON RIVER AT DON MILLS","Don River East Branch",43.7574996948,-79.3450012207,"Ontario",,"CAN",,,,
"02HC004","LITTLE DON RIVER NEAR LANSING","Don River East Branch",43.7722206116,-79.3652801514,"Ontario",,"CAN",,,,
"02HC005","DON RIVER AT YORK MILLS","Don River West Branch",43.7402496338,-79.403137207,"Ontario",,"CAN",,,,
"02HC049","DUFFINS CREEK AT AJAX","Duffins Creek",43.8488883972,-79.0561065674,"Ontario",,"CAN",,,,
"02HC019","DUFFINS CREEK ABOVE PICKERING","Duffins Creek",43.8912811279,-79.0592803955,"Ontario",,"CAN",,,,
"02HC006","DUFFINS CREEK AT PICKERING","Duffins Creek",43.8527793884,-79.0622177124,"Ontario",,"CAN",,,,
"02HC032","EAST HUMBER RIVER AT KING CREEK","East Humber River",43.9027786255,-79.61277771,"Ontario",,"CAN",,,,
"02HC010","EAST HUMBER RIVER NEAR KLEINBURG","East Humber River",43.8694381714,-79.6347198486,"Ontario",,"CAN",,,,
"02HC009","EAST HUMBER RIVER NEAR PINE GROVE","East Humber River",43.7900810242,-79.5844192505,"Ontario",,"CAN",,,,
"02HB004","EAST OAKVILLE CREEK NEAR OMAGH","East Sixteen Mile Creek",43.499168396,-79.7767791748,"Ontario",,"CAN",,,,
"02HH001","EELS CREEK BELOW APSLEY","Eels Creek",44.6416702271,-78.1352767944,"Ontario",,"CAN",,,,
"02HC030","ETOBICOKE CREEK BELOW QUEEN ELIZABETH HIGHWAY","Etobicoke Creek",43.6017494202,-79.5563278198,"Ontario",,"CAN",,,,
"02HC017","ETOBICOKE CREEK AT BRAMPTON","Etobicoke Creek",43.6915817261,-79.7593917847,"Ontario",,"CAN",,,,
"02HC002","ETOBICOKE CREEK NEAR SUMMERVILLE","Etobicoke Creek",43.6266708374,-79.5641708374,"Ontario",,"CAN",,,,
"02HD014","FAREWELL CREEK AT OSHAWA","Farewell Creek",43.8883285522,-78.8211135864,"Ontario",,"CAN",,,,
"02HA030","FOUR MILE CREEK NEAR VIRGIL","Four Mile Creek",43.1956100464,-79.1133270264,"Ontario",,"CAN",,,,
"02HB027","FOURTEEN MILE CREEK AT OAKVILLE","Fourteen Mile Creek",43.4214515686,-79.7031478882,"Ontario",,"CAN",,,,
"02HD012","GANARASKA RIVER ABOVE DALE","Ganaraska River",43.990940094,-78.3281936646,"Ontario",,"CAN",,,,
"02HD004","NORTH WEST GANARASKA RIVER NEAR OSACA","Ganaraska River",44.0171890259,-78.4387512207,"Ontario",,"CAN",,,,
"02HD003","GANARASKA RIVER NEAR OSACA","Ganaraska River",44.0151405334,-78.4374694824,"Ontario",,"CAN",,,,
"02HD002","GANARASKA RIVER NEAR DALE","Ganaraska River",43.9852790833,-78.3016662598,"Ontario",,"CAN",,,,
"02HD001","GANARASKA RIVER AT PORT HOPE","Ganaraska River",43.9683303833,-78.2952804565,"Ontario",,"CAN",,,,
"04231600","GENESEE RIVER AT FORD STREET BRIDGE  ROCHESTER NY","Genessee River",43.1417222,-77.6163056,"Ontario",,"US","X","X",2474,"EST"
"04212100","Grand River near Painesville OH","Grand River",41.7189339,-81.2278789,"Erie",,"US","X","X",685,"EST"
"04265432","GRASS RIVER AT CHASE MILLS NY","Grass River",44.84666667,-75.0780556,"Ontario",,"US","X","X",598,"EST"
"02HB028","GRINDSTONE CREEK NEAR MILLGROVE","Grindstone Creek",43.3348617554,-79.9490585327,"Ontario",,"CAN",,,,
"02HB012","GRINDSTONE CREEK NEAR ALDERSHOT","Grindstone Creek",43.3006401062,-79.8690032959,"Ontario",,"CAN",,,,
"02HB006","GRINDSTONE CREEK ABOVE HIGHWAY NO. 403","Grindstone Creek",43.307220459,-79.868888855,"Ontario",,"CAN",,,,
"02HF002","GULL RIVER AT NORLAND","Gull River",44.7318305969,-78.8180618286,"Ontario",,"CAN",,,,
"02HD013","HARMONY CREEK AT OSHAWA","Harmony Creek",43.8888587952,-78.8249435425,"Ontario",,"CAN",,,,
"02HC013","HIGHLAND CREEK NEAR WEST HILL","Highland Creek",43.7781906128,-79.1914672852,"Ontario",,"CAN",,,,
"02HK017","HOARDS CREEK NEAR WELLMAN","Hoards Creek",44.3317489624,-77.6282272339,"Ontario",,"CAN",,,,
"02HC057","HUMBER RIVER NEAR BALLYCROY","Humber River",43.9703102112,-79.8877182007,"Ontario",,"CAN",,,,
"02HC050","CENTREVILLE CREEK NEAR PALGRAVE","Humber River",43.9288902283,-79.8283309937,"Ontario",,"CAN",,,,
"02HC047","HUMBER RIVER NEAR PALGRAVE","Humber River",43.9285011292,-79.8229980469,"Ontario",,"CAN",,,,
"02HC012","HUMBER RIVER NEAR CEDAR MILLS","Humber River",43.9283294678,-79.815826416,"Ontario",,"CAN",,,,
"02HC003","HUMBER RIVER AT WESTON","Humber River",43.6989402771,-79.5203933716,"Ontario",,"CAN",,,,
"04199000","Huron River at Milan OH","Huron River (Huron-Vermillion)",41.3008852,-82.6082326,"Erie",,"US","X","X",371,"EST"
"04174500","HURON RIVER AT ANN ARBOR  MI","Huron River (St. Clair-Detroit)",42.28698238,-83.7338296,"Erie",,"US","X","X",729,"EST"
"02HJ008","INDIAN RIVER AT GILCHRIST BAY","Indian River",44.5404701233,-78.0953598022,"Ontario",,"CAN",,,,
"02HH004","INDIAN RIVER AT GILCHRIST BAY","Indian River",44.5404701233,-78.0953598022,"Ontario",,"CAN",,,,
"02HJ006","JACKSON CREEK NEAR JACKSON HEIGHTS","Jackson Creek",44.3098297119,-78.3707199097,"Ontario",,"CAN",,,,
"02HJ001","JACKSON CREEK AT PETERBOROUGH","Jackson Creek",44.3027801514,-78.3213882446,"Ontario",,"CAN",,,,
"02HC036","KATABOKOKONK CREEK ABOVE LOCUST HILL","Katabokokonk Creek",43.9186096191,-79.2261123657,"Ontario",,"CAN",,,,
"02HC104","LITTLE ROUGE CREEK AT SCARBOROUGH","Little Rouge Creek",43.8138885498,-79.1569366455,"Ontario",,"CAN",,,,
"02HC053","LITTLE ROUGE RIVER NEAR DICKSONS HILL","Little Rouge Creek",43.9256896973,-79.2821884155,"Ontario",,"CAN",,,,
"02HC028","LITTLE ROUGE CREEK NEAR LOCUST HILL","Little Rouge Creek",43.9078903198,-79.2162780762,"Ontario",,"CAN",,,,
"02HC015","ROUGE RIVER AT ROUGE HILL","Little Rouge Creek",43.8138885498,-79.1577835083,"Ontario",,"CAN",,,,
"02HC014","LITTLE ROUGE CREEK AT ROUGE HILL","Little Rouge Creek",43.8152809143,-79.1569366455,"Ontario",,"CAN",,,,
"02HC054","LYNDE CREEK AT BROOKLIN","Lynde Creek",43.9590797424,-78.9599685669,"Ontario",,"CAN",,,,
"02HC018","LYNDE CREEK NEAR WHITBY","Lynde Creek",43.8754997253,-78.9603271484,"Ontario",,"CAN",,,,
"02HD023","MACKIE CREEK NEAR HAMPTON","Mackie Creek",43.9790802002,-78.6803131104,"Ontario",,"CAN",,,,
"02HC037","MAJOR CREEK ABOVE GREEN RIVER","Major Creek",43.9055595398,-79.190826416,"Ontario",,"CAN",,,,
"02HG001","MARIPOSA BROOK NEAR LITTLE BRITAIN","Mariposa Brook",44.2896385193,-78.8416137695,"Ontario",,"CAN",,,,
"04193490","Maumee River near Waterville OH","Maumee River",41.47616368,-83.7388261,"Erie",,"US","X",,6313,"EST"
"02HK011","MAYHEW CREEK NEAR TRENTON","Mayhew Creek",44.1091690063,-77.6125335693,"Ontario",,"CAN",,,,
"02HE002","CONSECON CREEK AT ALLISONVILLE","Melville Creek",44.027469635,-77.3668823242,"Ontario",,"CAN",,,,
"02HC045","MICHELL CREEK BELOW CLAREMONT","Michell Creek",43.9611091614,-79.1280593872,"Ontario",,"CAN",,,,
"02HM011","MILLHAVEN CREEK AT SYDENHAM","Millhaven Creek",44.4133110046,-76.594833374,"Ontario",,"CAN",,,,
"02HM006","MILLHAVEN CREEK NEAR MILLHAVEN","Millhaven Creek",44.2264213562,-76.7590637207,"Ontario",,"CAN",,,,
"02HC033","MIMICO CREEK AT ISLINGTON","Mimico Creek",43.6473617554,-79.5196914673,"Ontario",,"CAN",,,,
"02HH002","MISSISSAGUA RIVER BELOW MISSISSAGUA LAKE","Mississagua River",44.6749992371,-78.3458328247,"Ontario",,"CAN",,,,
"02HL104","MOIRA RIVER NEAR THOMASBURG","Moira River",44.4075012207,-77.3097229004,"Ontario",,"CAN",,,,
"02HL101","MOIRA RIVER AT TWEED","Moira River",44.488609314,-77.3197174072,"Ontario",,"CAN",,,,
"02HL007","MOIRA RIVER NEAR TWEED","Moira River",44.4884681702,-77.3195266724,"Ontario",,"CAN",,,,
"02HL005","MOIRA RIVER NEAR DELORO","Moira River",44.4996681213,-77.6184387207,"Ontario",,"CAN",,,,
"02HL001","MOIRA RIVER NEAR FOXBORO","Moira River",44.2536697388,-77.4191894531,"Ontario",,"CAN",,,,
"02HM007","NAPANEE RIVER AT CAMDEN EAST","Napanee River",44.3347511292,-76.8388137817,"Ontario",,"CAN",,,,
"02HM001","NAPANEE RIVER NEAR NAPANEE","Napanee River",44.2775001526,-76.9286117554,"Ontario",,"CAN",,,,
"02HA008","NIAGARA RIVER BELOW PEACE BRIDGE","Niagara River",42.9116897583,-78.9087524414,"Ontario",,"CAN",,,,
"02HG002","NONQUON RIVER NEAR PORT PERRY","Nonquon River",44.0866889954,-79.0060806274,"Ontario",,"CAN",,,,
"02HD008","OSHAWA CREEK AT OSHAWA","Oshawa Creek",43.9303092957,-78.8915328979,"Ontario",,"CAN",,,,
"04263000","OSWEGATCHIE RIVER NEAR HEUVELTON NY","Oswegatchie River",44.5994444,-75.37888889,"Ontario",,"US","X","X",986,"EST"
"02HA024","OSWEGO CREEK AT CANBORO","Oswego Creek",42.9913101196,-79.6782531738,"Ontario",,"CAN",,,,
"04249000","OSWEGO RIVER AT LOCK 7  OSWEGO NY","Oswego River",43.45166667,-76.50527778,"Ontario",,"US","X","X",5100,"EST"
"02HJ002","OTONABEE RIVER AT LAKEFIELD","Otonabee River",44.4222488403,-78.2757492065,"Ontario",,"CAN",,,,
"02HL008","CLARE RIVER NEAR BOGART","Otter Creek",44.4968299866,-77.2275314331,"Ontario",,"CAN",,,,
"02HJ003","OUSE RIVER NEAR WESTWOOD","Ouse River",44.2980613708,-78.0449371338,"Ontario",,"CAN",,,,
"02HL103","PARKS CREEK NEAR LATTA","Parks Creek",44.2847213745,-77.3249969482,"Ontario",,"CAN",,,,
"02HL006","PARKS CREEK NEAR LATTA","Parks Creek",44.2852783203,-77.3236083984,"Ontario",,"CAN",,,,
"02HC105","PETTICOAT CREEK NEAR DUNBARTON","Petticoat Creek",43.8347206116,-79.1486129761,"Ontario",,"CAN",,,,
"02HH003","PIGEON RIVER NEAR LOTUS","Pigeon River",44.1242790222,-78.6951065063,"Ontario",,"CAN",,,,
"04195820","Portage River near Elmore OH","Portage River",41.49116178,-83.2246454,"Erie","04195500","US","X","X",494,"EST"
"02HD018","PROCTORS CREEK NEAR BRIGHTON","Proctors Creek",44.0598106384,-77.744468689,"Ontario",,"CAN",,,,
"04268000","RAQUETTE RIVER AT RAYMONDVILLE NY","Raquette River",44.83888889,-74.97888889,"Ontario",,"US","X","X",1125,"EST"
"02HK008","RAWDON CREEK NEAR WEST HUNTINGDON","Rawdon Creek",44.3381385803,-77.4771881104,"Ontario",,"CAN",,,,
"02HA023","REDHILL CREEK AT ALBION FALLS","Redhill Creek",43.2004699707,-79.8204727173,"Ontario",,"CAN",,,,
"02HA014","REDHILL CREEK AT HAMILTON","Redhill Creek",43.2409706116,-79.7738876343,"Ontario",,"CAN",,,,
"02HC040","REESOR CREEK NEAR ALTONA","Reesor Creek",43.9544410706,-79.2077789307,"Ontario",,"CAN",,,,
"02HC039","REESOR CREEK ABOVE GREEN RIVER","Reesor Creek",43.9352798462,-79.2008285522,"Ontario",,"CAN",,,,
"04142000","RIFLE RIVER NEAR STERLING  MI","Rifle River",44.0725203,-84.0199939,"Huron",,"US","X","X",320,"EST"
"04176500","RIVER RAISIN NEAR MONROE  MI","River Raisin",41.9606008,-83.53104619,"Erie",,"US","X","X",1042,"EST"
"04166500","RIVER ROUGE AT DETROIT  MI","River Rouge",42.3730923,-83.2546513,"Erie",,"US","X","X",187,"EST"
"04201500","Rocky River near Berea OH","Rocky River",41.4067149,-81.8870822,"Erie",,"US","X","X",267,"EST"
"02HC103","ROUGE RIVER AT SCARBOROUGH","Rouge River",43.8111114502,-79.1597213745,"Ontario",,"CAN",,,,
"02HC022","ROUGE RIVER NEAR MARKHAM","Rouge River",43.8583602905,-79.2335586548,"Ontario",,"CAN",,,,
"04157005","SAGINAW RIVER AT HOLLAND AVENUE AT SAGINAW  MI","Saginaw River",43.4219699,-83.951918,"Huron",,"US","X",,,"EST"
"04157000","SAGINAW RIVER AT SAGINAW  MI","Saginaw River",43.4128034,-83.9630294,"Huron",,"US","X","X",6060,"EST"
"02HM010","SALMON RIVER AT TAMWORTH","Salmon River",44.4862213135,-76.9929733276,"Ontario",,"CAN",,,,
"02HM003","SALMON RIVER NEAR SHANNONVILLE","Salmon River",44.2073097229,-77.2092514038,"Ontario",,"CAN",,,,
"02HK015","SALT CREEK NEAR CODRINGTON","Salt Creek",44.1995697021,-77.8189468384,"Ontario",,"CAN",,,,
"04198000","Sandusky River near Fremont OH","Sandusky River",41.3078307,-83.1588088,"Erie",,"US","X","X",1251,"EST"
"02HD010","SHELTER VALLEY BROOK NEAR GRAFTON","Shelter Valley Creek",43.9918212891,-78.0010604858,"Ontario",,"CAN",,,,
"02HB005","OAKVILLE CREEK AT MILTON","Sixteen Mile Creek",43.5138893127,-79.8797225952,"Ontario",,"CAN",,,,
"02HL004","SKOOTAMATTA RIVER NEAR ACTINOLITE","Skootamatta River",44.5495796204,-77.3280563354,"Ontario",,"CAN",,,,
"02HD007","SOPER CREEK AT BOWMANVILLE","Soper Creek",43.9022216797,-78.6725006104,"Ontario",,"CAN",,,,
"02HB023","SPENCER CREEK AT HIGHWAY NO. 5","Spencer Creek",43.2829208374,-80.0528106689,"Ontario",,"CAN",,,,
"02HB015","SPENCER CREEK NEAR WESTOVER","Spencer Creek",43.3530807495,-80.0778884888,"Ontario",,"CAN",,,,
"02HB010","SPENCER CREEK AT DUNDAS CROSSING","Spencer Creek",43.2649993896,-79.9647216797,"Ontario",,"CAN",,,,
"02HB007","SPENCER CREEK AT DUNDAS","Spencer Creek",43.2654190063,-79.9642791748,"Ontario",,"CAN",,,,
"04269000","ST. REGIS RIVER AT BRASHER CENTER NY","St. Regis River",44.8636111,-74.77888889,"Ontario",,"US","X","X",612,"EST"
"02HA022","STONEY CREEK AT STONEY CREEK","Stoney Creek",43.225528717,-79.7511672974,"Ontario",,"CAN",,,,
"02HC035","STOUFFVILLE CREEK BELOW STOUFFVILLE","Stouffville Creek",43.955280304,-79.2324981689,"Ontario",,"CAN",,,,
"02HA016","THREE MILE CREEK AT MOUNT HOPE","Three Mile Creek",43.1661109924,-79.9094390869,"Ontario",,"CAN",,,,
"04135020","THUNDER BAY RIVER AT ALPENA  MI","Thunder Bay River",45.07084609,-83.4377532,"Huron",,"US","X","X",1240,"EST"
"04218000","TONAWANDA CREEK AT RAPIDS NY","Tonawanda Creek",43.09305556,-78.6361111,"Ontario",,"US","X","X",349,"EST"
"02HK902","TRENT RIVER AT HEALEY FALLS(SPILLWAY)","Trent River",44.3719711304,-77.7774200439,"Ontario",,"CAN",,,,
"02HK014","TRENT RIVER NEAR BATAWA (AFFRA)","Trent River",44.1738891602,-77.5891723633,"Ontario",,"CAN",,,,
"02HK012","TRENT RIVER AT GLEN ROSS (AFFRA)","Trent River",44.2694396973,-77.5827789307,"Ontario",,"CAN",,,,
"02HK010","TRENT RIVER AT TRENTON","Trent River",44.1238288879,-77.5916366577,"Ontario",,"CAN",,,,
"02HK004","TRENT RIVER AT GLEN ROSS","Trent River",44.2638893127,-77.6027832031,"Ontario",,"CAN",,,,
"02HK016","TROUT CREEK NEAR CAMPBELLFORD","Trout Creek",44.3019714355,-77.8309020996,"Ontario",,"CAN",,,,
"02HA031","TWELVE MILE CREEK NEAR POWER GLEN","Twelve Mile Creek",43.114780426,-79.274559021,"Ontario",,"CAN",,,,
"02HA020","TWENTY MILE CREEK ABOVE SMITHVILLE","Twenty Mile Creek",43.1156387329,-79.566192627,"Ontario",,"CAN",,,,
"02HA006","TWENTY MILE CREEK AT BALLS FALLS","Twenty Mile Creek",43.1334686279,-79.3832473755,"Ontario",,"CAN",,,,
"02HC043","URFE CREEK NEAR BROUGHAM","Urfé Creek",43.9169387817,-79.1138916016,"Ontario",,"CAN",,,,
"04199500","Vermilion River near Vermilion OH","Vermillion River",41.38199,-82.3168273,"Erie",,"US","X","X",262,"EST"
"02HA025","WELLAND RIVER AT WELLAND CANAL","Welland River",42.9952812195,-79.2525024414,"Ontario",,"CAN",,,,
"02HA021","WELLAND RIVER NEAR BINBROOK","Welland River",43.0924987793,-79.7988891602,"Ontario",,"CAN",,,,
"02HA015","WELLAND RIVER NEAR MOUNT HOPE","Welland River",43.1705589294,-79.9475021362,"Ontario",,"CAN",,,,
"02HA007","WELLAND RIVER BELOW CAISTOR CORNERS","Welland River",43.0217781067,-79.618019104,"Ontario",,"CAN",,,,
"02HC106","WEST DUFFINS CREEK NEAR PICKERING","West Duffins Creek",43.8499984741,-79.0866699219,"Ontario",,"CAN",,,,
"02HC041","WEST DUFFINS CREEK NEAR ALTONA","West Duffins Creek",43.9586105347,-79.1888885498,"Ontario",,"CAN",,,,
"02HC038","WEST DUFFINS CREEK ABOVE GREEN RIVER","West Duffins Creek",43.9157485962,-79.1795272827,"Ontario",,"CAN",,,,
"02HC058","WEST HIGHLAND CREEK NEAR SCARBOROUGH VILLAGE","West Highland Creek",43.7532196045,-79.2336730957,"Ontario",,"CAN",,,,
"02HC034","WEST HUMBER RIVER BELOW CLAIREVILLE DAM","West Humber River",43.7377815247,-79.6294403076,"Ontario",,"CAN",,,,
"02HC031","WEST HUMBER RIVER AT HIGHWAY NO. 7","West Humber River",43.7583618164,-79.6789398193,"Ontario",,"CAN",,,,
"02HC016","WEST HUMBER RIVER NEAR WILDFIELD","West Humber River",43.8105583191,-79.7158279419,"Ontario",,"CAN",,,,
"02HC008","WEST HUMBER RIVER NEAR THISTLETOWN","West Humber River",43.7305603027,-79.5541687012,"Ontario",,"CAN",,,,
"02HD021","WILMOT CREEK NEAR LESKARD","Wilmot Creek",44.0057182312,-78.642326355,"Ontario",,"CAN",,,,
"02HD009","WILMOT CREEK NEAR NEWCASTLE","Wilmot Creek",43.9302215576,-78.618812561,"Ontario",,"CAN",,,,
"02HM004","WILTON CREEK NEAR NAPANEE","Wilton Creek",44.2393112183,-76.8495330811,"Ontario",,"CAN",,,,
"02HC046","WIXON CREEK BELOW ALTONA","Wixon Creek",43.9599990845,-79.1825027466,"Ontario",,"CAN",,,,
"02HK802","TRENT RIVER AT HEALEY FALLS(POWER PLANT)",,44.3705596924,-77.7783279419,"Ontario",,"CAN",,,,
"02HK002","TRENT RIVER AT HEALEY FALLS",,44.3705596924,-77.7783279419,"Ontario",,"CAN",,,,
"02HJ005","SQUIRREL CREEK NEAR BAILIEBORO",,44.123249054,-78.388671875,"Ontario",,"CAN",,,,
"02HH005","PIGEON RIVER AT OMEMEE",,44.2967185974,-78.5500030518,"Ontario",,"CAN",,,,
"02HF004","BOB CREEK NEAR MINDEN",,44.9352798462,-78.7686080933,"Ontario",,"CAN",,,,
"02HD022","COBOURG BROOK NEAR PRECIOUS CORNERS",,43.9884681702,-78.2107467651,"Ontario",,"CAN",,,,
"02HD015","LAKE ONTARIO AT COBOURG",,43.9577789307,-78.1650009155,"Ontario",,"CAN",,,,
"02HC114","GANATSEKIAGON CREEK NEAR PICKERING",,43.8597183228,-79.0861129761,"Ontario",,"CAN",,,,
"02HC055","LYNDE CREEK TRIBUTARY NEAR KINSALE",,43.931968689,-78.9884719849,"Ontario",,"CAN",,,,
"02HC048","LAKE ONTARIO AT TORONTO",,43.6397781372,-79.380279541,"Ontario",,"CAN",,,,
"02HC042","GANATSEKIAGON CREEK NEAR BROUGHAM",,43.9113883972,-79.1394424438,"Ontario",,"CAN",,,,
"02HC026","WEST DUFFINS CREEK AT GREEN RIVER",,43.9022216797,-79.1847229004,"Ontario",,"CAN",,,,
"02HC025","HUMBER RIVER AT ELDER MILLS",,43.8113098145,-79.6275787354,"Ontario",,"CAN",,,,
"02HC011","HUMBER RIVER AT WOODBRIDGE",,43.7852783203,-79.5902786255,"Ontario",,"CAN",,,,
"02HC007","HUMBER RIVER ABOVE EAST HUMBER RIVER",,43.7916717529,-79.5950012207,"Ontario",,"CAN",,,,
"02HB032","MOUNTSBERG CREEK BELOW MOUNTSBERG RESERVOIR",,43.4548301697,-80.0458297729,"Ontario",,"CAN",,,,
"02HB031","CREDIT RIVER ERIN BRANCH AT HILLSBURGH",,43.7902488708,-80.1434402466,"Ontario",,"CAN",,,,
"02HB017","LAKE ONTARIO AT BURLINGTON",,43.2997207642,-79.7927780151,"Ontario",,"CAN",,,,
"02HA027","WALKER CREEK AT ST. CATHARINES",,43.2158317566,-79.2283325195,"Ontario",,"CAN",,,,
"02HA026","BIG FORKS CREEK NEAR WAINFLEET",,42.948890686,-79.381111145,"Ontario",,"CAN",,,,
"02HA019","WELLAND CANAL DIVERSION FROM LAKE ERIE",,42.9500007629,-79.2166671753,"Ontario",,"CAN",,,,
"02HA018","LAKE ONTARIO AT PORT WELLER",,43.2368888855,-79.2196731567,"Ontario",,"CAN",,,,
"02HA013","NIAGARA RIVER AT FORT ERIE",,42.9302787781,-78.9141693115,"Ontario",,"CAN",,,,
"02HA003","NIAGARA RIVER AT QUEENSTON",,43.1569404602,-79.0472183228,"Ontario",,"CAN",,,,
"09000901002","Grindstone Creek","Grindstone Creek",,,"Ontario",,"CAN",,,,
"09000900802","Grindstone Creek Tributary","Grindstone Creek",,,"Ontario",,"CAN",,,,
"09000910102","Grindstone Creek","Grindstone Creek",,,"Ontario",,"CAN",,,,
"06006001402","Bronte Creek","Bronte Creek",,,"Ontario",,"CAN",,,,
"06010700202","Carruthers Creek",,,,"Ontario",,"CAN",,,,
"06010409402","Trib. to Brougham Creek",,,,"Ontario",,"CAN",,,,
"06010407902","Trib to Mitchell Creek",,,,"Ontario",,"CAN",,,,
"06010407602","Trib to Duffins Creek","Duffins Creek",,,"Ontario",,"CAN",,,,
"06010407702","Trib to Duffins Creek",,,,"Ontario",,"CAN",,,,
"06010407802","Trib. to Duffins Creek",,,,"Ontario",,"CAN",,,,
"06010411002","Duffins Creek",,,,"Ontario",,"CAN",,,,
"06010411202","Wixon Creek","Wixon Creek",,,"Ontario",,"CAN",,,,
"06010410002","Mitchell Creek",,,,"Ontario",,"CAN",,,,
"06010409202","Trib to Duffins Creek",,,,"Ontario",,"CAN",,,,
"06010407302","Seep to Trib. Duffins Creek",,,,"Ontario",,"CAN",,,,
"06010411702","Tributary to Duffins Creek",,,,"Ontario",,"CAN",,,,
"06010409502","Tributary to Duffins Creek",,,,"Ontario",,"CAN",,,,
"06010411102","Trib to Duffins Creek",,,,"Ontario",,"CAN",,,,
"06010409102","Millers Creek",,,,"Ontario",,"CAN",,,,
"06010409002","Urfe Creek","Urfé Creek",,,"Ontario",,"CAN",,,,
"06010408902","Wixon Creek","Wixon Creek",,,"Ontario",,"CAN",,,,
"06010408802","Brougham Creek Tributary",,,,"Ontario",,"CAN",,,,
"06010408702","Brougham Creek Tributary",,,,"Ontario",,"CAN",,,,
"06010408602","West Duffins Creek Tributary","Major Creek",,,"Ontario",,"CAN",,,,
"06010408502","Duffins Creek","Duffins Creek",,,"Ontario",,"CAN",,,,
"06010408402","Mitchell Creek","Michell Creek",,,"Ontario",,"CAN",,,,
"06010408302","Brougham Creek Tributary",,,,"Ontario",,"CAN",,,,
"06010408102","Mitchell Creek Tributary","Michell Creek",,,"Ontario",,"CAN",,,,
"06010408202","Mitchell Creek",,,,"Ontario",,"CAN",,,,
"06010408002","Reesor Creek",,,,"Ontario",,"CAN",,,,
"06010407402","Duffins Creek","Duffins Creek",,,"Ontario",,"CAN",,,,
"06010407202","Duffins Creek Tributary",,,,"Ontario",,"CAN",,,,
"06010406702","Duffins Creek Tributary",,,,"Ontario",,"CAN",,,,
"06010407102","Mitchell Creek Tributary",,,,"Ontario",,"CAN",,,,
"06010407002","Mitchell Creek Tributary",,,,"Ontario",,"CAN",,,,
"06010406902","Mitchell Creek Tributary",,,,"Ontario",,"CAN",,,,
"06010406802","Wixon Creek Tributary",,,,"Ontario",,"CAN",,,,
"06010405502","Duffins Creek","Duffins Creek",,,"Ontario",,"CAN",,,,
"06010405602","Urfe Creek","Urfé Creek",,,"Ontario",,"CAN",,,,
"06010406302","Stouffville Creek","Stouffville Creek",,,"Ontario",,"CAN",,,,
"06010406202","Stouffville Creek","Stouffville Creek",,,"Ontario",,"CAN",,,,
"06010406602","Mitchell Creek",,,,"Ontario",,"CAN",,,,
"06010406502","Reesor Creek","Reesor Creek",,,"Ontario",,"CAN",,,,
"06010406402","Reesor Creek",,,,"Ontario",,"CAN",,,,
"06010406002","Stouffville Creek","Stouffville Creek",,,"Ontario",,"CAN",,,,
"06010406102","Stouffville Creek","Stouffville Creek",,,"Ontario",,"CAN",,,,
"06010405902","Stouffville Creek","Reesor Creek",,,"Ontario",,"CAN",,,,
"06007605002","Credit River","Credit River",,,"Ontario",,"CAN",,,,
"06006001102","Kilbride Creek",,,,"Ontario",,"CAN",,,,
"06006001002","Willoughby Creek","Bronte Creek",,,"Ontario",,"CAN",,,,
"06006000902","Limestone Creek","Limestone Creek",,,"Ontario",,"CAN",,,,
"09000950102","Grindstone Creek","Grindstone Creek",,,"Ontario",,"CAN",,,,
"06016400102","Warring Creek",,,,"Ontario",,"CAN",,,,
"06006001202","Flamboro Creek",,,,"Ontario",,"CAN",,,,
"17002601402","Moira River","Moira River",,,"Ontario",,"CAN",,,,
"17002600102","Moira River","Moira River",,,"Ontario",,"CAN",,,,
"17002112902","Mayhew Creek","Mayhew Creek",,,"Ontario",,"CAN",,,,
"17002112802","Mayhew Creek","Mayhew Creek",,,"Ontario",,"CAN",,,,
"17002106883","Trent River",,,,"Ontario",,"CAN",,,,
"17002106802","Trent River",,,,"Ontario",,"CAN",,,,
"17002104502","Trent River","Trent River",,,"Ontario",,"CAN",,,,
"17002100102","Trent River",,,,"Ontario",,"CAN",,,,
"17001600102","Sawguin Creek","Sawguin Creek",,,"Ontario",,"CAN",,,,
"06015700202","Consecon Creek","Melville Creek",,,"Ontario",,"CAN",,,,
"06015700102","Consecon  Creek",,,,"Ontario",,"CAN",,,,
"06011600602","Bowmanville Creek",,,,"Ontario",,"CAN",,,,
"06011600502","Bowmanville Creek","Bowmanville Creek",,,"Ontario",,"CAN",,,,
"06011100402","Oshawa Creek East","East Oshawa Creek",,,"Ontario",,"CAN",,,,
"06011100302","Oshawa Creek West","Oshawa Creek",,,"Ontario",,"CAN",,,,
"06011200602","Black Creek","Black Creek",,,"Ontario",,"CAN",,,,
"17000600102","Cressy Creek","Cressy Creek",,,"Ontario",,"CAN",,,,
"06001701102","Twelve Mile Creek","Twelve Mile Creek",,,"Ontario",,"CAN",,,,
"06001701002","Twelve Mile Creek","Twelve Mile Creek",,,"Ontario",,"CAN",,,,
"06012901102","Ganaraska River Tributary","Ganaraska River",,,"Ontario",,"CAN",,,,
"06012901002","Ganaraska River","North Ganaraska River",,,"Ontario",,"CAN",,,,
"06012900802","Ganaraska River Tributary",,,,"Ontario",,"CAN",,,,
"06012900902","Ganaraska River","Ganaraska River",,,"Ontario",,"CAN",,,,
"06012900702","North Ganaraska River","Ganaraska River",,,"Ontario",,"CAN",,,,
"06012900602","Ganaraska River Tributary",,,,"Ontario",,"CAN",,,,
"06011100702","Oshawa Creek East",,,,"Ontario",,"CAN",,,,
"06011100602","Oshawa Creek East","East Oshawa Creek",,,"Ontario",,"CAN",,,,
"06011100502","Oshawa Creek","Oshawa Creek",,,"Ontario",,"CAN",,,,
"06005900102","Sheldon Creek","Sheldon Creek",,,"Ontario",,"CAN",,,,
"17002114602","Deer River",,,,"Ontario",,"CAN",,,,
"17002114502","Crowe River","Crowe River",,,"Ontario",,"CAN",,,,
"17002114002","Cavan Creek","Cavan Creek",,,"Ontario",,"CAN",,,,
"17002114402","Otonabee River","Otonabee River",,,"Ontario",,"CAN",,,,
"17002114302","Ouse River East","Ouse River",,,"Ontario",,"CAN",,,,
"17002114202","Ouse River West","West Ouse River",,,"Ontario",,"CAN",,,,
"17002114102","Indian River","Indian River",,,"Ontario",,"CAN",,,,
"06007605202","East Credit River","Little Credit River",,,"Ontario",,"CAN",,,,
"06007605102","Shaw's Creek","Credit River",,,"Ontario",,"CAN",,,,
"06006100302","Fourteen Mile Creek","Fourteen Mile Creek",,,"Ontario",,"CAN",,,,
"06010412102","West Duffins Creek",,,,"Ontario",,"CAN",,,,
"06010412002","West Duffins Creek",,,,"Ontario",,"CAN",,,,
"06010411902","West Duffins Creek",,,,"Ontario",,"CAN",,,,
"06010410902","Seep at scarp","West Duffins Creek",,,"Ontario",,"CAN",,,,
"06010410702","Seep at Scarp","West Duffins Creek",,,"Ontario",,"CAN",,,,
"06010410602","Seep at Scarp","West Duffins Creek",,,"Ontario",,"CAN",,,,
"06010410502","Seep at scarp","West Duffins Creek",,,"Ontario",,"CAN",,,,
"06010410402","Seep at Scarp","West Duffins Creek",,,"Ontario",,"CAN",,,,
"06007602902","West Credit River","Credit River (Erin Branch)",,,"Ontario",,"CAN",,,,
"06007603302","West Credit River",,,,"Ontario",,"CAN",,,,
"06007603702","West Credit River",,,,"Ontario",,"CAN",,,,
"06007604302","West Credit River","Credit River (Erin Branch)",,,"Ontario",,"CAN",,,,
"06007603402","West Credit River",,,,"Ontario",,"CAN",,,,
"06007604402","West Credit River","Credit River (Erin Branch)",,,"Ontario",,"CAN",,,,
"06007604602","West Credit River",,,,"Ontario",,"CAN",,,,
"06007603202","West Credit River","Credit River (Erin Branch)",,,"Ontario",,"CAN",,,,
"06007604102","West Credit River",,,,"Ontario",,"CAN",,,,
"06008305802","Humber River","East Humber River",,,"Ontario",,"CAN",,,,
"06008305502","Trib. to Centreville Creek",,,,"Ontario",,"CAN",,,,
"17002113702","Blackstock Creek","Blackstock Creek",,,"Ontario",,"CAN",,,,
"17002113602","Nonquon River","Nonquon River",,,"Ontario",,"CAN",,,,
"06008306102","Cold Creek",,,,"Ontario",,"CAN",,,,
"06008305402","Trib. to Centreville Creek",,,,"Ontario",,"CAN",,,,
"06008305202","Centreville Creek",,,,"Ontario",,"CAN",,,,
"06008305102","Centreville Creek",,,,"Ontario",,"CAN",,,,
"06008304002","Humber River",,,,"Ontario",,"CAN",,,,
"06008303902","Humber River",,,,"Ontario",,"CAN",,,,
"06008303802","Humber River",,,,"Ontario",,"CAN",,,,
"06008303702","Humber River",,,,"Ontario",,"CAN",,,,
"06008303402","Trib. to Humber River",,,,"Ontario",,"CAN",,,,
"06008303302","Humber River","Humber River",,,"Ontario",,"CAN",,,,
"06008302802","Trib to Humber River","Humber River",,,"Ontario",,"CAN",,,,
"06008302702","Humber River","Humber River",,,"Ontario",,"CAN",,,,
"06008302902","Humber River","Humber River",,,"Ontario",,"CAN",,,,
"06008303202","Trib to Humber River","Humber River",,,"Ontario",,"CAN",,,,
"06008303102","Trib. to Humber River","Humber River",,,"Ontario",,"CAN",,,,
"06008305302","Trib. to Centreville Creek",,,,"Ontario",,"CAN",,,,
"06008303002","Centreville Creek","Centreville Creek",,,"Ontario",,"CAN",,,,
"06008305902","Humber River",,,,"Ontario",,"CAN",,,,
"06008302602","Humber River","Humber River",,,"Ontario",,"CAN",,,,
"06008302502","Humber River",,,,"Ontario",,"CAN",,,,
"09000900702","Grindstone Creek","Grindstone Creek",,,"Ontario",,"CAN",,,,
"09000900602","Grindstone Creek Tributary",,,,"Ontario",,"CAN",,,,
"06008303602","Humber River",,,,"Ontario",,"CAN",,,,
"06008303502","Tributary to Humber River",,,,"Ontario",,"CAN",,,,
"06008305702","East Humber River","East Humber River",,,"Ontario",,"CAN",,,,
"06008304202","Tributary to Cold Creek West",,,,"Ontario",,"CAN",,,,
"06008304102","Cold Creek West","Cold Creek",,,"Ontario",,"CAN",,,,
"09000901202","Grindstone Creek Tributary","Grindstone Creek",,,"Ontario",,"CAN",,,,
"09000901102","Grindstone Creek","Grindstone Creek",,,"Ontario",,"CAN",,,,
"09000901502","Grindstone Creek Tributary",,,,"Ontario",,"CAN",,,,
"09000901302","Grindstone Creek",,,,"Ontario",,"CAN",,,,
"09000900902","Grindstone Creek","Grindstone Creek",,,"Ontario",,"CAN",,,,
"06006001502","Strabane Creek","Bronte Creek",,,"Ontario",,"CAN",,,,
"06012900502","Ganaraska River","Ganaraska River",,,"Ontario",,"CAN",,,,
"06006001302","Mountsberg Creek",,,,"Ontario",,"CAN",,,,
"06006000802","Indian Creek",,,,"Ontario",,"CAN",,,,
"06006000702","Bronte Creek","Bronte Creek",,,"Ontario",,"CAN",,,,
"09000100502","Redhill Creek","Redhill Creek",,,"Ontario",,"CAN",,,,
"09000800502","Spencer Creek","Spencer Creek",,,"Ontario",,"CAN",,,,
"09000800702","Spencer Creek","Spencer Creek",,,"Ontario",,"CAN",,,,
"09000800602","Spencer Creek","Spencer Creek",,,"Ontario",,"CAN",,,,
"17002602302","Moira River","Moira River",,,"Ontario",,"CAN",,,,
"06013300502","Cobourg Creek West",,,,"Ontario",,"CAN",,,,
"06012900402","North Ganaraska River","North Ganaraska River",,,"Ontario",,"CAN",,,,
"17002113302","Cold Creek","Cold Creek",,,"Ontario",,"CAN",,,,
"17002113202","Mill Creek","Burnley Creek",,,"Ontario",,"CAN",,,,
"17002113102","Mill Creek","Burnley Creek",,,"Ontario",,"CAN",,,,
"06007602502","West Credit River",,,,"Ontario",,"CAN",,,,
"06007604702","West Credit River",,,,"Ontario",,"CAN",,,,
"06008501802","Don River","Don River",,,"Ontario",,"CAN",,,,
"06008310202","Humber River",,,,"Ontario",,"CAN",,,,
"06008000502","Etobicoke Creek","Etobicoke Creek",,,"Ontario",,"CAN",,,,
"06007604902","Credit River","Credit River",,,"Ontario",,"CAN",,,,
"09000901402","Grindstone Creek Tributary",,,,"Ontario",,"CAN",,,,
"09000900402","Grindstone Tributary","Grindstone Creek",,,"Ontario",,"CAN",,,,
"09000900302","Grindstone Creek","Grindstone Creek",,,"Ontario",,"CAN",,,,
"06008302402","Humber River East","East Humber River",,,"Ontario",,"CAN",,,,
"06008000602","Etobicoke Creek","Etobicoke Creek",,,"Ontario",,"CAN",,,,
"09000902402","Grindstone Creek","Grindstone Creek",,,"Ontario",,"CAN",,,,
"06006301402","Middle Oakville Creek","Middle Sixteen Mile Creek",,,"Ontario",,"CAN",,,,
"06006301202","West Oakville Creek","Sixteen Mile Creek",,,"Ontario",,"CAN",,,,
"17002601702","West Channel",,,,"Ontario",,"CAN",,,,
"17002601602","Moira River","Moira River",,,"Ontario",,"CAN",,,,
"17002601502","Moira River","Moira River",,,"Ontario",,"CAN",,,,
"17002601302","Moira River","Moira River",,,"Ontario",,"CAN",,,,
"17002601202","Deer Creek","Madoc Creek",,,"Ontario",,"CAN",,,,
"17002601101","Moira Lake","Moira River",,,"Ontario",,"CAN",,,,
"17002601002","Black River","Black River",,,"Ontario",,"CAN",,,,
"17002600902","Skootamotta River","Skootamatta River",,,"Ontario",,"CAN",,,,
"17002600802","Sulphide Creek","Sulphide Creek",,,"Ontario",,"CAN",,,,
"17002600702","Clare River",,,,"Ontario",,"CAN",,,,
"17002600602","Moira River","Moira River",,,"Ontario",,"CAN",,,,
"17002600501","Stoco Lake",,,,"Ontario",,"CAN",,,,
"17002600402","Moira River","Moira River",,,"Ontario",,"CAN",,,,
"17002600302","Moira River",,,,"Ontario",,"CAN",,,,
"17002600202","Moira River","Moira River",,,"Ontario",,"CAN",,,,
"17002153602","Cavan Creek",,,,"Ontario",,"CAN",,,,
"17002113002","Scugog River","Scugog River",,,"Ontario",,"CAN",,,,
"17002112702","Rawdon Creek","Rawdon Creek",,,"Ontario",,"CAN",,,,
"17002112502","Rutherford Creek","Rutherford Creek",,,"Ontario",,"CAN",,,,
"17002112402","McLaren Creek","McLaren Creek",,,"Ontario",,"CAN",,,,
"17002112302","Hawkers Creek","Hawkers Creek",,,"Ontario",,"CAN",,,,
"17002112202","Martin Creek","Martin Creek",,,"Ontario",,"CAN",,,,
"17002112102","Emily Creek",,,,"Ontario",,"CAN",,,,
"17002112002","Ouse River","Ouse River",,,"Ontario",,"CAN",,,,
"17002111902","Mariposa Brook",,,,"Ontario",,"CAN",,,,
"17002111802","Trent River","Trent River",,,"Ontario",,"CAN",,,,
"17002111701","Twin Sister Lake",,,,"Ontario",,"CAN",,,,
"17002111602","Scugog River","Scugog River",,,"Ontario",,"CAN",,,,
"17002111420","Centre Lake Water Supply","Deer Creek",,,"Ontario",,"CAN",,,,
"17002111302","Trib. Creek to Deer Creek","Deer Creek",,,"Ontario",,"CAN",,,,
"17002111201","Auger Lake",,,,"Ontario",,"CAN",,,,
"17002111101","Centre Lake",,,,"Ontario",,"CAN",,,,
"17002111083","Trent River","Trent River",,,"Ontario",,"CAN",,,,
"17002110901","Eels Lake","Eels Creek",,,"Ontario",,"CAN",,,,
"17002110801","Eels Lake","Eels Creek",,,"Ontario",,"CAN",,,,
"17002110701","Eels Lake","Eels Creek",,,"Ontario",,"CAN",,,,
"17002110602","Eels Creek","Eels Creek",,,"Ontario",,"CAN",,,,
"17002110501","Bow Lake",,,,"Ontario",,"CAN",,,,
"17002110401","Bow Lake",,,,"Ontario",,"CAN",,,,
"17002110301","Paudash Lake",,,,"Ontario",,"CAN",,,,
"17002110201","Paudash Lake",,,,"Ontario",,"CAN",,,,
"17002110101","Paudash Lake",,,,"Ontario",,"CAN",,,,
"17002110002","Crowe River","Crowe River",,,"Ontario",,"CAN",,,,
"17002109902","Crowe River","Crowe River",,,"Ontario",,"CAN",,,,
"17002109802","Crowe River","Faraday Creek",,,"Ontario",,"CAN",,,,
"17002109702","Steenburg Creek","Bass Creek",,,"Ontario",,"CAN",,,,
"17002109602","Beaver Creek","Beaver Creek",,,"Ontario",,"CAN",,,,
"17002109502","Beaver Creek","Beaver Creek",,,"Ontario",,"CAN",,,,
"17002109402","North River","North River",,,"Ontario",,"CAN",,,,
"17002109202","North River","North River",,,"Ontario",,"CAN",,,,
"17002109102","North River","North River",,,"Ontario",,"CAN",,,,
"17002109001","Paudash Lake Narrows",,,,"Ontario",,"CAN",,,,
"17002108902","Crowe River",,,,"Ontario",,"CAN",,,,
"17002108802","Chandos Lake Outlet",,,,"Ontario",,"CAN",,,,
"17002108702","Deer Creek","Deer River",,,"Ontario",,"CAN",,,,
"17002108602","Crowe River","Crowe River",,,"Ontario",,"CAN",,,,
"17002108502","Crowe River","Crowe River",,,"Ontario",,"CAN",,,,
"17002108402","Crowe River","Crowe River",,,"Ontario",,"CAN",,,,
"17002108302","Crowe River","Crowe River",,,"Ontario",,"CAN",,,,
"17002108202","Crowe River","Crowe River",,,"Ontario",,"CAN",,,,
"17002108102","Plato Creek","Plato Creek",,,"Ontario",,"CAN",,,,
"17002108002","Ouse River Tributary","Ouse River",,,"Ontario",,"CAN",,,,
"17002107902","Ouse River","Ouse River",,,"Ontario",,"CAN",,,,
"17002107802","Plato Creek",,,,"Ontario",,"CAN",,,,
"17002107702","Baxter Creek","Baxter Creek",,,"Ontario",,"CAN",,,,
"17002107602","Gull River","Gull River",,,"Ontario",,"CAN",,,,
"17002107502","Burnt River","Burnt River",,,"Ontario",,"CAN",,,,
"17002107402","Pigeon River","Pigeon River",,,"Ontario",,"CAN",,,,
"17002107202","Plato Creek","Plato Creek",,,"Ontario",,"CAN",,,,
"17002107102","Salt Creek","Salt Creek",,,"Ontario",,"CAN",,,,
"17002107002","Otonabee River","Otonabee River",,,"Ontario",,"CAN",,,,
"17002106902","Baxter Creek","Baxter Creek",,,"Ontario",,"CAN",,,,
"17002106702","Trent River","Trent River",,,"Ontario",,"CAN",,,,
"17002106602","Ouse River","Ouse River",,,"Ontario",,"CAN",,,,
"17002106502","Otonabee River","Otonabee River",,,"Ontario",,"CAN",,,,
"17002106402","Bentley Creek",,,,"Ontario",,"CAN",,,,
"17002106302","Bentley Creek",,,,"Ontario",,"CAN",,,,
"17002106202","Bow Lake Outlet",,,,"Ontario",,"CAN",,,,
"17002106102","Centre Lake Outlet",,,,"Ontario",,"CAN",,,,
"17002106002","Deer Creek","Deer Creek",,,"Ontario",,"CAN",,,,
"17002105901","Paudash Lake",,,,"Ontario",,"CAN",,,,
"17002105802","Farrel Creek","Farrel Creek",,,"Ontario",,"CAN",,,,
"17002105702","Trent River","Trent River",,,"Ontario",,"CAN",,,,
"17002105602","Pigeon River","Pigeon River",,,"Ontario",,"CAN",,,,
"17002105502","Burnt River","Burnt River",,,"Ontario",,"CAN",,,,
"17002105402","Balsam Lake Outlet","Rosedale River",,,"Ontario",,"CAN",,,,
"17002105302","Nogies Creek","Nogies Creek",,,"Ontario",,"CAN",,,,
"17002105202","Mississauga River","Mississagua River",,,"Ontario",,"CAN",,,,
"17002105102","Jack Creek","Jack Creek",,,"Ontario",,"CAN",,,,
"17002105002","Eels Creek","Eels Creek",,,"Ontario",,"CAN",,,,
"17002104902","Ouse River","Ouse River",,,"Ontario",,"CAN",,,,
"17002104802","Crowe River","Crowe River",,,"Ontario",,"CAN",,,,
"17002104702","Rawdon Creek","Rawdon Creek",,,"Ontario",,"CAN",,,,
"17002104602","Cold Creek","Trent River",,,"Ontario",,"CAN",,,,
"17002104402","Gull River","Gull River",,,"Ontario",,"CAN",,,,
"17002104302","Gull River","Gull River",,,"Ontario",,"CAN",,,,
"17002104202","Scugog River",,,,"Ontario",,"CAN",,,,
"17002104102","Scugog River",,,,"Ontario",,"CAN",,,,
"17002104002","Nonquon River","Nonquon River",,,"Ontario",,"CAN",,,,
"17002103902","Scugog River",,,,"Ontario",,"CAN",,,,
"17002103802","Jackson Creek","Jackson Creek",,,"Ontario",,"CAN",,,,
"17002103702","Head Lake Outlet","Drag River",,,"Ontario",,"CAN",,,,
"17002103602","Gull River","Gull River",,,"Ontario",,"CAN",,,,
"17002103502","Twelve Mile Lake Outlet","Gull River",,,"Ontario",,"CAN",,,,
"17002103402","Gull River","Gull River",,,"Ontario",,"CAN",,,,
"17002103302","Drag River","Drag River",,,"Ontario",,"CAN",,,,
"17002103202","Gull Lake Outlet","Gull River",,,"Ontario",,"CAN",,,,
"17002103102","Otonabee River","Otonabee River",,,"Ontario",,"CAN",,,,
"17002103002","Cavan Creek","Cavan Creek",,,"Ontario",,"CAN",,,,
"17002102902","Burnt River Tributary","Burnt River",,,"Ontario",,"CAN",,,,
"17002102802","Burnt River Tributary",,,,"Ontario",,"CAN",,,,
"17002102702","Salerno Lake Outlet","Salerno Creek",,,"Ontario",,"CAN",,,,
"17002102602","Salerno Lake Inlet","Salerno Creek",,,"Ontario",,"CAN",,,,
"17002102502","Gull River","Gull River",,,"Ontario",,"CAN",,,,
"17002102402","Gull River","Gull River",,,"Ontario",,"CAN",,,,
"17002102302","Cameron Lake Outlet","Fenelon River",,,"Ontario",,"CAN",,,,
"17002102202","Beaver Lake Outlet",,,,"Ontario",,"CAN",,,,
"06005000202","Stoney Creek","Stoney Creek",,,"Ontario",,"CAN",,,,
"17002102102","Sturgeon Lake Outlet","Bobcaygeon River",,,"Ontario",,"CAN",,,,
"17002102002","Catchacoma Lake","Catchacoma Narrows",,,"Ontario",,"CAN",,,,
"17002101902","Mississauga River","Mississagua River",,,"Ontario",,"CAN",,,,
"17002101802","Buckhorn Lake Outlet",,,,"Ontario",,"CAN",,,,
"17002101702","Lovesick Lake Outlet",,,,"Ontario",,"CAN",,,,
"17002101602","Clear Lake Outlet",,,,"Ontario",,"CAN",,,,
"17002101502","Otonabee River","Otonabee River",,,"Ontario",,"CAN",,,,
"17002101402","Jackson Creek","Jackson Creek",,,"Ontario",,"CAN",,,,
"17002101302","Otonabee River","Otonabee River",,,"Ontario",,"CAN",,,,
"17002101202","Otonabee River","Otonabee River",,,"Ontario",,"CAN",,,,
"17002101183","Otonabee River","Otonabee River",,,"Ontario",,"CAN",,,,
"17002101102","Otonabee River","Otonabee River",,,"Ontario",,"CAN",,,,
"17002101002","Baxter Creek","Baxter Creek",,,"Ontario",,"CAN",,,,
"17002100902","Indian River","Indian River",,,"Ontario",,"CAN",,,,
"17002100802","Otonabee River","Otonabee River",,,"Ontario",,"CAN",,,,
"17002100702","Ouse River","Ouse River",,,"Ontario",,"CAN",,,,
"17002100602","Indian River","Indian River",,,"Ontario",,"CAN",,,,
"17002100502","Trent River","Trent River",,,"Ontario",,"CAN",,,,
"17002100402","Trent River",,,,"Ontario",,"CAN",,,,
"17002100302","Crowe River","Crowe River",,,"Ontario",,"CAN",,,,
"17002100202","Trent River","Trent River",,,"Ontario",,"CAN",,,,
"17001400102","Desmorestville Creek","Demorestville Creek",,,"Ontario",,"CAN",,,,
"17000800202","Marsh Creek","Marsh Creek",,,"Ontario",,"CAN",,,,
"17000800102","Picton Creek",,,,"Ontario",,"CAN",,,,
"17003701202","Wilton Creek",,,,"Ontario",,"CAN",,,,
"17003701102","Wilton Creek","Wilton Creek",,,"Ontario",,"CAN",,,,
"17003701002","Wilton Creek","Wilton Creek",,,"Ontario",,"CAN",,,,
"17003700902","Wilton Creek",,,,"Ontario",,"CAN",,,,
"17003700802","Wilton Creek","Wilton Creek",,,"Ontario",,"CAN",,,,
"17003700702","Wilton Creek","Wilton Creek",,,"Ontario",,"CAN",,,,
"17003700602","Wilton Creek","Wilton Creek",,,"Ontario",,"CAN",,,,
"17003700502","Wilton Creek","Wilton Creek",,,"Ontario",,"CAN",,,,
"06009701802","Bruce Creek","Bruce Creek",,,"Ontario",,"CAN",,,,
"06008310402","Centreville Creek","Centreville Creek",,,"Ontario",,"CAN",,,,
"06008310302","Humber River West","West Humber River",,,"Ontario",,"CAN",,,,
"06007604002","West Credit River",,,,"Ontario",,"CAN",,,,
"06007603502","West Credit River",,,,"Ontario",,"CAN",,,,
"06007604202","West Credit River (Erin Branch)","Credit River (Erin Branch)",,,"Ontario",,"CAN",,,,
"06007603902","West Credit River",,,,"Ontario",,"CAN",,,,
"06007604502","West Credit River","Credit River (Erin Branch)",,,"Ontario",,"CAN",,,,
"06007603002","Credit River Erin Branch","Credit River (Erin Branch)",,,"Ontario",,"CAN",,,,
"06007603102","Credit River  Erin Branch","Credit River (Erin Branch)",,,"Ontario",,"CAN",,,,
"06007603602","West Credit River",,,,"Ontario",,"CAN",,,,
"06007602802","West Credit River","Credit River (Erin Branch)",,,"Ontario",,"CAN",,,,
"06007602702","West Credit River",,,,"Ontario",,"CAN",,,,
"06010411602","Tributary to Duffins Creek",,,,"Ontario",,"CAN",,,,
"06010411502","Tributary to Duffins Creek",,,,"Ontario",,"CAN",,,,
"06010411402","Tributary to West Duffins Creek",,,,"Ontario",,"CAN",,,,
"06010411302","West Duffins Creek",,,,"Ontario",,"CAN",,,,
"06010410302","Wixon Creek","Wixon Creek",,,"Ontario",,"CAN",,,,
"06010410202","Brougham Creek (East Branch)","Brougham Creek",,,"Ontario",,"CAN",,,,
"06010410102","Brougham Creek (West Branch)","Brougham Creek",,,"Ontario",,"CAN",,,,
"06010409702","Tributary to West Duffins Creek","West Duffins Creek",,,"Ontario",,"CAN",,,,
"06010409602","Tributary to Duffins Creek","Duffins Creek",,,"Ontario",,"CAN",,,,
"06010409302","Trib to Duffins Ck",,,,"Ontario",,"CAN",,,,
"06008305602","Trib to Humber River",,,,"Ontario",,"CAN",,,,
"17002153502","Unnamed Creek",,,,"Ontario",,"CAN",,,,
"06010407502","Trib to Duffins Creek",,,,"Ontario",,"CAN",,,,
"17002113902","Anstruther Lake Outlet","Anstruther Creek",,,"Ontario",,"CAN",,,,
"17002113802","Stoney Creek","Stony Creek",,,"Ontario",,"CAN",,,,
"06008304802","Humber River",,,,"Ontario",,"CAN",,,,
"06008304702","West Humber River","West Humber River",,,"Ontario",,"CAN",,,,
"06015900102","Slab Creek",,,,"Ontario",,"CAN",,,,
"17000900102","Hospital Creek",,,,"Ontario",,"CAN",,,,
"11000101102","Welland River","Beaver Creek",,,"Ontario",,"CAN",,,,
"11000101002","Chippawa Power Canal",,,,"Ontario",,"CAN",,,,
"11000100902","Welland River","Welland River",,,"Ontario",,"CAN",,,,
"11000100802","Welland River","Welland River",,,"Ontario",,"CAN",,,,
"11000100702","Welland River","Welland River",,,"Ontario",,"CAN",,,,
"11000100602","Welland River","Welland River",,,"Ontario",,"CAN",,,,
"11000100502","Welland River","Welland River",,,"Ontario",,"CAN",,,,
"11000100402","Welland River","Welland River",,,"Ontario",,"CAN",,,,
"11000100383","Welland River","Welland River",,,"Ontario",,"CAN",,,,
"11000100302","Welland River","Welland River",,,"Ontario",,"CAN",,,,
"11000100202","Chippawa Canal",,,,"Ontario",,"CAN",,,,
"11000100102","Chippawa Canal",,,,"Ontario",,"CAN",,,,
"09000702302","Indian Creek","Indian Creek",,,"Ontario",,"CAN",,,,
"09000702202","Hagar-Rambo Diversion Channel","Indian Creek",,,"Ontario",,"CAN",,,,
"06014200102","Shelter Valley Brook","Shelter Valley Creek",,,"Ontario",,"CAN",,,,
"06014100102","Grafton Creek",,,,"Ontario",,"CAN",,,,
"06013900202","Brookside Creek",,,,"Ontario",,"CAN",,,,
"06013900102","Brookside Creek",,,,"Ontario",,"CAN",,,,
"06013300402","Cobourg Creek","Cobourg Brook",,,"Ontario",,"CAN",,,,
"06013300302","Cobourg Creek",,,,"Ontario",,"CAN",,,,
"06013300202","Cobourg Creek",,,,"Ontario",,"CAN",,,,
"06013300102","Cobourg Creek","Cobourg Brook",,,"Ontario",,"CAN",,,,
"06013000102","Gage Creek","Gage Creek",,,"Ontario",,"CAN",,,,
"06012900302","Ganaraska River","Ganaraska River",,,"Ontario",,"CAN",,,,
"06012900202","Ganaraska River","Ganaraska River",,,"Ontario",,"CAN",,,,
"06012900102","Ganaraska River","Ganaraska River",,,"Ontario",,"CAN",,,,
"06011800102","Graham Creek","Graham Creek",,,"Ontario",,"CAN",,,,
"06011700302","Wilmot Creek","Wilmot Creek",,,"Ontario",,"CAN",,,,
"06011700202","Orono Creek","Orono Creek",,,"Ontario",,"CAN",,,,
"06011700102","Wilmot Creek","Wilmot Creek",,,"Ontario",,"CAN",,,,
"06011600302","Soper Brook","Soper Creek",,,"Ontario",,"CAN",,,,
"06011600202","Soper Brook","Bowmanville Creek",,,"Ontario",,"CAN",,,,
"06011600102","Bowmanville Creek","Bowmanville Creek",,,"Ontario",,"CAN",,,,
"06011200302","Farewell Creek","Farewell Creek",,,"Ontario",,"CAN",,,,
"06011200202","Farewell Creek","Farewell Creek",,,"Ontario",,"CAN",,,,
"06011200102","Harmony Creek","Harmony Creek",,,"Ontario",,"CAN",,,,
"06011100202","Montgomery Creek",,,,"Ontario",,"CAN",,,,
"06011100102","Oshawa Creek","Oshawa Creek",,,"Ontario",,"CAN",,,,
"06010900302","Pringle Creek","Pringle Creek",,,"Ontario",,"CAN",,,,
"06010900102","Pringle Creek","Pringle Creek",,,"Ontario",,"CAN",,,,
"06010800402","Lynde Creek","Lynde Creek",,,"Ontario",,"CAN",,,,
"06010800302","Lynde Creek","Lynde Creek",,,"Ontario",,"CAN",,,,
"06010800202","Lynde Creek","Lynde Creek",,,"Ontario",,"CAN",,,,
"06010800102","Lynde Creek","Lynde Creek",,,"Ontario",,"CAN",,,,
"06010700102","Carruthers Creek",,,,"Ontario",,"CAN",,,,
"06010410802","Stouffville","Stouffville Creek",,,"Ontario",,"CAN",,,,
"06010409902","Miller's Creek",,,,"Ontario",,"CAN",,,,
"06010409802","Trib. to w. Duffins Creek","West Duffins Creek",,,"Ontario",,"CAN",,,,
"06010405702","Urfe Creek","Urfé Creek",,,"Ontario",,"CAN",,,,
"06010405202","Brougham Creek Tributary",,,,"Ontario",,"CAN",,,,
"06010405102","Brougham Creek","Brougham Creek",,,"Ontario",,"CAN",,,,
"06010405002","Brougham Creek","Brougham Creek",,,"Ontario",,"CAN",,,,
"06010404902","Ganateskiagon Creek",,,,"Ontario",,"CAN",,,,
"06010404802","Brougham Creek","Brougham Creek",,,"Ontario",,"CAN",,,,
"06010404702","Urfe Creek","Urfé Creek",,,"Ontario",,"CAN",,,,
"06010404602","Urfe Creek","Urfé Creek",,,"Ontario",,"CAN",,,,
"06010404502","West Duffins Creek",,,,"Ontario",,"CAN",,,,
"06010404402","West Duffins Creek",,,,"Ontario",,"CAN",,,,
"06010404302","West Duffins Creek",,,,"Ontario",,"CAN",,,,
"06010404202","Reesor Creek","Reesor Creek",,,"Ontario",,"CAN",,,,
"06010404102","West Duffins Creek Tributary","West Duffins Creek",,,"Ontario",,"CAN",,,,
"06010404002","West Duffins Creek","West Duffins Creek",,,"Ontario",,"CAN",,,,
"06010403802","West Duffins Creek","West Duffins Creek",,,"Ontario",,"CAN",,,,
"06010403702","Reesor Creek","Reesor Creek",,,"Ontario",,"CAN",,,,
"06010403602","West Duffins Creek","West Duffins Creek",,,"Ontario",,"CAN",,,,
"06010403502","West Duffins Creek","West Duffins Creek",,,"Ontario",,"CAN",,,,
"06010403402","West Duffins Creek","West Duffins Creek",,,"Ontario",,"CAN",,,,
"06010403302","Mitchell Creek Tributary",,,,"Ontario",,"CAN",,,,
"06010403202","Duffins Creek","Duffins Creek",,,"Ontario",,"CAN",,,,
"06010403102","Duffins Creek","Duffins Creek",,,"Ontario",,"CAN",,,,
"06010403002","Mitchell Creek","Michell Creek",,,"Ontario",,"CAN",,,,
"06010402902","Mitchell Creek","Michell Creek",,,"Ontario",,"CAN",,,,
"06010402802","Brougham Creek","Brougham Creek",,,"Ontario",,"CAN",,,,
"06010402702","Duffins Creek","Duffins Creek",,,"Ontario",,"CAN",,,,
"06010402602","Urfe Creek","Urfé Creek",,,"Ontario",,"CAN",,,,
"06010402502","West Duffins Creek","West Duffins Creek",,,"Ontario",,"CAN",,,,
"06010402402","Ganateskiagon Creek","Ganatsekiagon Creek",,,"Ontario",,"CAN",,,,
"06010402302","Ganateskiagon Creek","Ganatsekiagon Creek",,,"Ontario",,"CAN",,,,
"06010402202","Ganateskiagon Creek","Ganatsekiagon Creek",,,"Ontario",,"CAN",,,,
"06010402102","Wixon Creek","Wixon Creek",,,"Ontario",,"CAN",,,,
"06010402002","West Duffins Creek","West Duffins Creek",,,"Ontario",,"CAN",,,,
"06010401902","West Duffins Creek","West Duffins Creek",,,"Ontario",,"CAN",,,,
"06010401802","Wixon Creek","Wixon Creek",,,"Ontario",,"CAN",,,,
"06010401702","West Duffins Creek","West Duffins Creek",,,"Ontario",,"CAN",,,,
"06010401602","Reesor Creek","Reesor Creek",,,"Ontario",,"CAN",,,,
"06010401502","Reesor Creek","Reesor Creek",,,"Ontario",,"CAN",,,,
"06010401402","West Duffins Creek","West Duffins Creek",,,"Ontario",,"CAN",,,,
"06010401302","West Duffins Creek","West Duffins Creek",,,"Ontario",,"CAN",,,,
"06010401202","Stouffville Creek",,,,"Ontario",,"CAN",,,,
"06010401102","Stouffville Creek","Stouffville Creek",,,"Ontario",,"CAN",,,,
"06010401002","West Duffins Creek",,,,"Ontario",,"CAN",,,,
"06010400902","West Duffins Creek","West Duffins Creek",,,"Ontario",,"CAN",,,,
"06010400802","Mitchell Creek","Michell Creek",,,"Ontario",,"CAN",,,,
"06010400702","Duffins Creek","Duffins Creek",,,"Ontario",,"CAN",,,,
"06010400602","Duffins Creek","Duffins Creek",,,"Ontario",,"CAN",,,,
"06010400502","Duffins Creek","Duffins Creek",,,"Ontario",,"CAN",,,,
"06010400302","Duffins Creek","Duffins Creek",,,"Ontario",,"CAN",,,,
"06010400202","Duffins Creek","Brougham Creek",,,"Ontario",,"CAN",,,,
"06010400102","Duffins Creek","Duffins Creek",,,"Ontario",,"CAN",,,,
"06009900102","Petticoat Creek","Petticoat Creek",,,"Ontario",,"CAN",,,,
"06009701702","Little Rouge Creek","Little Rouge Creek",,,"Ontario",,"CAN",,,,
"06009701602","Little Rouge Creek","Little Rouge Creek",,,"Ontario",,"CAN",,,,
"06009701502","Little Rouge Creek","Little Rouge Creek",,,"Ontario",,"CAN",,,,
"06009701402","Rouge River","Rouge River",,,"Ontario",,"CAN",,,,
"06009701302","Little Rouge Creek","Little Rouge Creek",,,"Ontario",,"CAN",,,,
"06009701202","Rouge River","Rouge River",,,"Ontario",,"CAN",,,,
"06009701102","Rouge River","Rouge River",,,"Ontario",,"CAN",,,,
"06009701002","Little Rouge Creek","Little Rouge Creek",,,"Ontario",,"CAN",,,,
"06009700902","Little Rouge Creek","Little Rouge Creek",,,"Ontario",,"CAN",,,,
"06009700802","Little Rouge Creek","Little Rouge Creek",,,"Ontario",,"CAN",,,,
"06009700702","Little Rouge Creek","Little Rouge Creek",,,"Ontario",,"CAN",,,,
"06009700602","Little Rouge Creek","Little Rouge Creek",,,"Ontario",,"CAN",,,,
"06009700502","Rouge River","Little Rouge Creek",,,"Ontario",,"CAN",,,,
"06009700302","Rouge River","Rouge River",,,"Ontario",,"CAN",,,,
"06009700202","Rouge River","Rouge River",,,"Ontario",,"CAN",,,,
"06009700102","Rouge River","Rouge River",,,"Ontario",,"CAN",,,,
"06009400202","Highland Creek","Highland Creek",,,"Ontario",,"CAN",,,,
"06009400102","Highland Creek","Highland Creek",,,"Ontario",,"CAN",,,,
"06008501502","German Mills Creek","German Mills Creek",,,"Ontario",,"CAN",,,,
"06008501402","Don River","Don River",,,"Ontario",,"CAN",,,,
"06008501302","Don River","Don River",,,"Ontario",,"CAN",,,,
"06008501202","German Mills Creek","German Mills Creek",,,"Ontario",,"CAN",,,,
"06008501102","German Mills Creek","German Mills Creek",,,"Ontario",,"CAN",,,,
"06008501002","German Mills Creek","German Mills Creek",,,"Ontario",,"CAN",,,,
"06008500902","German Mills Creek","German Mills Creek",,,"Ontario",,"CAN",,,,
"06008500802","German Mills Creek","German Mills Creek",,,"Ontario",,"CAN",,,,
"06008500702","German Mills Creek","German Mills Creek",,,"Ontario",,"CAN",,,,
"06008500602","German Mills Creek","German Mills Creek",,,"Ontario",,"CAN",,,,
"06008500502","German Mills Creek","German Mills Creek",,,"Ontario",,"CAN",,,,
"06008500402","Don River West","Don River West Branch",,,"Ontario",,"CAN",,,,
"06008500302","Don River East","Don River East Branch",,,"Ontario",,"CAN",,,,
"06008500202","Don River West","Don River West Branch",,,"Ontario",,"CAN",,,,
"06008500102","Don River","Keating Channel",,,"Ontario",,"CAN",,,,
"06008310102","Humber River","Humber River",,,"Ontario",,"CAN",,,,
"06008310002","Humber River",,,,"Ontario",,"CAN",,,,
"06008306002","Humber River","Cold Creek",,,"Ontario",,"CAN",,,,
"06008305002","E Trib to Humber River",,,,"Ontario",,"CAN",,,,
"06008304902","W Trib to Humber River",,,,"Ontario",,"CAN",,,,
"06008304602","Humber River","Humber River",,,"Ontario",,"CAN",,,,
"06008304502","Cold Creek",,,,"Ontario",,"CAN",,,,
"06008304402","Cold Creek",,,,"Ontario",,"CAN",,,,
"06008304302","Trib. to Cold Creek West",,,,"Ontario",,"CAN",,,,
"06008302202","Humber River West","West Humber River",,,"Ontario",,"CAN",,,,
"06008302102","Humber River East","East Humber River",,,"Ontario",,"CAN",,,,
"06008302002","Humber River",,,,"Ontario",,"CAN",,,,
"06008301902","Humber River","Humber River",,,"Ontario",,"CAN",,,,
"06008301802","Humber River","Humber River",,,"Ontario",,"CAN",,,,
"06008301702","Salt Creek","Salt Creek",,,"Ontario",,"CAN",,,,
"06008301602","Humber River","West Humber River",,,"Ontario",,"CAN",,,,
"06008301502","Humber River","West Humber River",,,"Ontario",,"CAN",,,,
"06008301402","Humber River West","West Humber River",,,"Ontario",,"CAN",,,,
"06008301302","Humber River","Humber River",,,"Ontario",,"CAN",,,,
"06008301202","Black Creek","Black Creek",,,"Ontario",,"CAN",,,,
"06008301102","Humber River East","East Humber River",,,"Ontario",,"CAN",,,,
"06008301002","Humber River East",,,,"Ontario",,"CAN",,,,
"06008300902","Cold Creek","Cold Creek",,,"Ontario",,"CAN",,,,
"06008300802","Humber River","Humber River",,,"Ontario",,"CAN",,,,
"06008300702","Humber River Tributary",,,,"Ontario",,"CAN",,,,
"06008300602","Humber River Tributary",,,,"Ontario",,"CAN",,,,
"06008300502","Humber River","Cold Creek",,,"Ontario",,"CAN",,,,
"06008300402","Humber River East","East Humber River",,,"Ontario",,"CAN",,,,
"06008300302","Humber River",,,,"Ontario",,"CAN",,,,
"06008300202","Humber River West","West Humber River",,,"Ontario",,"CAN",,,,
"06008300102","Humber River",,,,"Ontario",,"CAN",,,,
"06008200302","Mimico Creek","Mimico Creek",,,"Ontario",,"CAN",,,,
"06008200202","Mimico Creek","Mimico Creek",,,"Ontario",,"CAN",,,,
"06008200102","Mimico Creek","Mimico Creek",,,"Ontario",,"CAN",,,,
"06008000402","Etobicoke Creek","Etobicoke Creek",,,"Ontario",,"CAN",,,,
"06008000302","Etobicoke Creek","Etobicoke Creek",,,"Ontario",,"CAN",,,,
"06008000202","Etobicoke Creek West","Etobicoke Creek",,,"Ontario",,"CAN",,,,
"06008000102","Etobicoke Creek","Etobicoke Creek",,,"Ontario",,"CAN",,,,
"06007603802","West Credit River",,,,"Ontario",,"CAN",,,,
"06007602402","Credit River","Credit River",,,"Ontario",,"CAN",,,,
"06007602302","Credit River","Credit River",,,"Ontario",,"CAN",,,,
"06007602202","Silver Creek","Credit River West Branch",,,"Ontario",,"CAN",,,,
"06007602102","Orangeville Creek",,,,"Ontario",,"CAN",,,,
"06007601902","Credit River","Credit River",,,"Ontario",,"CAN",,,,
"06007601802","Credit River","Credit River",,,"Ontario",,"CAN",,,,
"06007601702","Credit River","Credit River",,,"Ontario",,"CAN",,,,
"06007601602","Fletchers Creek","Fletchers Creek",,,"Ontario",,"CAN",,,,
"06007601502","West Credit River","Credit River (Erin Branch)",,,"Ontario",,"CAN",,,,
"06007601302","Credit River","Credit River",,,"Ontario",,"CAN",,,,
"06007601202","Silver Creek","Credit River West Branch",,,"Ontario",,"CAN",,,,
"06007601002","Credit River","Credit River",,,"Ontario",,"CAN",,,,
"06007600902","Credit River Erin Branch","Credit River (Erin Branch)",,,"Ontario",,"CAN",,,,
"06007600802","Black Creek","Black Creek",,,"Ontario",,"CAN",,,,
"06007600602","Credit River","Credit River",,,"Ontario",,"CAN",,,,
"06007600502","Black Creek","Black Creek",,,"Ontario",,"CAN",,,,
"06007600402","Silver Creek","Credit River West Branch",,,"Ontario",,"CAN",,,,
"06007600302","Credit River","Credit River",,,"Ontario",,"CAN",,,,
"06007600102","Credit River","Credit River",,,"Ontario",,"CAN",,,,
"06006800102","Sheridan Creek","Sheridan Creek",,,"Ontario",,"CAN",,,,
"06006301102","East Oakville Creek","East Sixteen Mile Creek",,,"Ontario",,"CAN",,,,
"06006301002","Oakville Creek","Sixteen Mile Creek",,,"Ontario",,"CAN",,,,
"06006300902","Oakville Creek","Sixteen Mile Creek",,,"Ontario",,"CAN",,,,
"06006300802","Oakville Creek",,,,"Ontario",,"CAN",,,,
"06006300702","Oakville Creek","Middle Sixteen Mile Creek",,,"Ontario",,"CAN",,,,
"06006300602","Oakville Creek","Middle Sixteen Mile Creek",,,"Ontario",,"CAN",,,,
"06006300502","Oakville Creek","Middle Sixteen Mile Creek",,,"Ontario",,"CAN",,,,
"06006300402","Oakville Creek","Middle Sixteen Mile Creek",,,"Ontario",,"CAN",,,,
"06006300302","Oakville Creek","Middle Sixteen Mile Creek",,,"Ontario",,"CAN",,,,
"06006300202","Oakville Creek","Sixteen Mile Creek",,,"Ontario",,"CAN",,,,
"06006300102","Oakville Creek","Sixteen Mile Creek",,,"Ontario",,"CAN",,,,
"06006100202","Fourteen Mile Creek","Fourteen Mile Creek",,,"Ontario",,"CAN",,,,
"06006100102","Fourteen Mile Creek","Fourteen Mile Creek",,,"Ontario",,"CAN",,,,
"06006000602","Indian Creek",,,,"Ontario",,"CAN",,,,
"06006000502","Bronte Creek","Bronte Creek",,,"Ontario",,"CAN",,,,
"06006000402","Mountsberg Creek","Mountsberg Creek",,,"Ontario",,"CAN",,,,
"06006000302","Mountsberg Creek",,,,"Ontario",,"CAN",,,,
"06006000202","Bronte Creek","Bronte Creek",,,"Ontario",,"CAN",,,,
"06006000102","Bronte Creek","Bronte Creek",,,"Ontario",,"CAN",,,,
"06005400102","Rambo Creek","Rambo Creek",,,"Ontario",,"CAN",,,,
"06005200101","Burlington Canal",,,,"Ontario",,"CAN",,,,
"06005000102","Stoney Creek","Stoney Creek",,,"Ontario",,"CAN",,,,
"06003800102","Forty Mile Creek","Forty Mile Creek",,,"Ontario",,"CAN",,,,
"06003300102","Thirty Mile Creek","Thirty Mile Creek",,,"Ontario",,"CAN",,,,
"06002600102","Vineland Creek",,,,"Ontario",,"CAN",,,,
"06002400602","Twenty Mile Creek","Twenty Mile Creek",,,"Ontario",,"CAN",,,,
"06002400502","Twenty Mile Creek","Twenty Mile Creek",,,"Ontario",,"CAN",,,,
"06002400402","Twenty Mile Creek","Twenty Mile Creek",,,"Ontario",,"CAN",,,,
"06002400302","North Creek","North Creek",,,"Ontario",,"CAN",,,,
"06002400202","Twenty Mile Creek","Twenty Mile Creek",,,"Ontario",,"CAN",,,,
"06002400102","Twenty Mile Creek","Twenty Mile Creek",,,"Ontario",,"CAN",,,,
"06002000102","Sixteen Mile Creek",,,,"Ontario",,"CAN",,,,
"06001900102","Fifteen Mile Creek","Fifteen Mile Creek",,,"Ontario",,"CAN",,,,
"06001700902","Old Welland Canal",,,,"Ontario",,"CAN",,,,
"06001700802","Twelve Mile Creek",,,,"Ontario",,"CAN",,,,
"06001700702","Twelve Mile Creek","Twelve Mile Creek",,,"Ontario",,"CAN",,,,
"06001700602","Shriners Creek",,,,"Ontario",,"CAN",,,,
"06001700501","Gibson Lake",,,,"Ontario",,"CAN",,,,
"06001700402","Twelve Mile Creek","Twelve Mile Creek",,,"Ontario",,"CAN",,,,
"06001700302","Old Welland Canal",,,,"Ontario",,"CAN",,,,
"06001700202","Twelve Mile Creek","Twelve Mile Creek",,,"Ontario",,"CAN",,,,
"06001700102","Twelve Mile Creek",,,,"Ontario",,"CAN",,,,
"06001400202","Welland Ship Canal",,,,"Ontario",,"CAN",,,,
"06001400102","Welland Ship Canal",,,,"Ontario",,"CAN",,,,
"06001000102","Eight Mile Creek","Eight Mile Creek",,,"Ontario",,"CAN",,,,
"06000500102","Six Mile Creek","Six Mile Creek",,,"Ontario",,"CAN",,,,
"06000300502","Four Mile Creek","Four Mile Creek",,,"Ontario",,"CAN",,,,
"06000300402","Four Mile Creek","Four Mile Creek",,,"Ontario",,"CAN",,,,
"06000300302","Four Mile Creek","Four Mile Creek",,,"Ontario",,"CAN",,,,
"06000300202","Four Mile Creek","Four Mile Creek",,,"Ontario",,"CAN",,,,
"06000300102","Four Mile Creek","Four Mile Creek",,,"Ontario",,"CAN",,,,
"06000200102","Two Mile Creek","Two Mile Creek",,,"Ontario",,"CAN",,,,
"06000100102","One Mile Creek","One Mile Creek",,,"Ontario",,"CAN",,,,
"05000900102","Usshers Creek",,,,"Ontario",,"CAN",,,,
"05000600202","Black Creek","Black Creek",,,"Ontario",,"CAN",,,,
"05000600102","Black Creek",,,,"Ontario",,"CAN",,,,
"05000500102","Baker Creek","Baker Creek",,,"Ontario",,"CAN",,,,
"05000400102","Miller Creek","Miller Creek",,,"Ontario",,"CAN",,,,
"05000300102","Frenchman Creek","Frenchman's Creek",,,"Ontario",,"CAN",,,,
"17003700402","Wilton Creek","Wilton Creek",,,"Ontario",,"CAN",,,,
"17003700302","Wilton Creek","Wilton Creek",,,"Ontario",,"CAN",,,,
"17003700202","Wilton Creek","Wilton Creek",,,"Ontario",,"CAN",,,,
"17003700102","Wilton Creek","Wilton Creek",,,"Ontario",,"CAN",,,,
"17003500402","Napanee River","Napanee River",,,"Ontario",,"CAN",,,,
"17003500302","Napanee River","Napanee River",,,"Ontario",,"CAN",,,,
"17003500202","Napanee River","Napanee River",,,"Ontario",,"CAN",,,,
"17003500102","Napanee River",,,,"Ontario",,"CAN",,,,
"17003100202","Salmon River","Salmon River",,,"Ontario",,"CAN",,,,
"17003100102","Salmon River","Salmon River",,,"Ontario",,"CAN",,,,
"17002602202","Palliser Creek",,,,"Ontario",,"CAN",,,,
"17002602102","Palliser Creek","Palliser Creek",,,"Ontario",,"CAN",,,,
"17002602002","Lily Creek",,,,"Ontario",,"CAN",,,,
"17002601902","Moira River","Moira River",,,"Ontario",,"CAN",,,,
"17002601802","Madoc Creek","Madoc Creek",,,"Ontario",,"CAN",,,,
"06018300202","Collins Creek","Collins Creek",,,"Ontario",,"CAN",,,,
"06018300102","Collins Creek","Collins Creek",,,"Ontario",,"CAN",,,,
"06018000502","Millhaven Creek","Millhaven Creek",,,"Ontario",,"CAN",,,,
"06018000402","Millhaven Creek","Millhaven Creek",,,"Ontario",,"CAN",,,,
"06018000302","Millhaven Creek","Millhaven Creek",,,"Ontario",,"CAN",,,,
"06018000202","Millhaven Creek","Millhaven Creek",,,"Ontario",,"CAN",,,,
"06018000102","Millhaven Creek","Millhaven Creek",,,"Ontario",,"CAN",,,,
"06017200102","Black Creek","Black Creek",,,"Ontario",,"CAN",,,,
"06016300102","Bloomfield Creek","Bloomfield Creek",,,"Ontario",,"CAN",,,,
"06015700302","Consecon Creek","Consecon Creek",,,"Ontario",,"CAN",,,,
"06015200102","Smithfield Creek","Smithfield Creek",,,"Ontario",,"CAN",,,,
"06015100102","Proctors Creek","Proctors Creek",,,"Ontario",,"CAN",,,,
"06014800102","Salem Creek","Salem Creek",,,"Ontario",,"CAN",,,,
"06014600102","Colborne Creek","Colborne Creek",,,"Ontario",,"CAN",,,,
"06014200202","Shelter Valley Brook","Shelter Valley Creek",,,"Ontario",,"CAN",,,,
"09000702102","Indian Creek","Indian Creek",,,"Ontario",,"CAN",,,,
"09000701902","Falcon Creek","Falcon Creek",,,"Ontario",,"CAN",,,,
"09000701802","Falcon Creek","Falcon Creek",,,"Ontario",,"CAN",,,,
"09000901702","Hickory Brook",,,,"Ontario",,"CAN",,,,
"09000900502","Grindstone Creek Tributary",,,,"Ontario",,"CAN",,,,
"09000900202","Grindstone Creek","Grindstone Creek",,,"Ontario",,"CAN",,,,
"09000900102","Grindstone Creek","Grindstone Creek",,,"Ontario",,"CAN",,,,
"09000800402","Spencer Creek","Spencer Creek",,,"Ontario",,"CAN",,,,
"09000800302","Spencer Creek West","Spencer Creek",,,"Ontario",,"CAN",,,,
"09000800202","Desjardins Canal","Borer's Creek",,,"Ontario",,"CAN",,,,
"09000800102","Spencer Creek","Coldwater Creek",,,"Ontario",,"CAN",,,,
"09000100402","Redhill Creek","Redhill Creek",,,"Ontario",,"CAN",,,,
"09000100302","Redhill Creek","Redhill Creek",,,"Ontario",,"CAN",,,,
"09000100202","Redhill Creek","Redhill Creek",,,"Ontario",,"CAN",,,,
"09000100102","Redhill Creek","Redhill Creek",,,"Ontario",,"CAN",,,,
"06008000702","Etobicoke Creek West","Etobicoke Creek",,,"Ontario",,"CAN",,,,
